datetime,temperature_celsius,wind_kph,cloud,humidity,precip_mm
01-01-2019,25.7,12.6,37,62,0
02-01-2019,26,14,79,69,0.9
03-01-2019,24.5,13,78,92,4
04-01-2019,23.6,12.2,73,82,3.7
05-01-2019,23.9,14,66,77,1.2
06-01-2019,23.6,16.6,71,87,1.6
07-01-2019,23.6,15.5,64,96,14.8
08-01-2019,23.8,14.8,58,94,7.7
09-01-2019,23.8,15.8,19,86,0.1
10-01-2019,24.2,10.4,34,79,0
11-01-2019,25.1,7.2,23,75,0
12-01-2019,24.3,9.4,44,84,0.3
13-01-2019,24.5,12.6,48,73,0.2
14-01-2019,23.9,12.6,48,73,0.2
15-01-2019,23.6,10.8,32,72,0.2
16-01-2019,24.5,10.1,33,62,0
17-01-2019,24.9,9.4,14,56,0
18-01-2019,24.3,9.7,0,51,0
19-01-2019,24.2,9.7,0,55,0
20-01-2019,24.9,10.4,1,61,0
21-01-2019,25.4,14.8,5,67,0
22-01-2019,26.2,17.3,19,63,0
23-01-2019,26,16.2,10,59,0
24-01-2019,26,15.1,2,58,0
25-01-2019,26,11.5,1,63,0
26-01-2019,26.2,9.7,24,64,0
27-01-2019,26,13.3,67,66,0
28-01-2019,25.3,11.9,89,68,0
29-01-2019,25.2,11.9,8,67,0
30-01-2019,25.4,13.3,58,68,0
31-01-2019,26,12.6,95,66,0
01-02-2019,25.5,10.4,99,69,0
02-02-2019,25.4,11.9,99,67,0
03-02-2019,25.2,13,90,66,0
04-02-2019,26.3,13,4,62,0
05-02-2019,26.5,14,11,65,0.2
06-02-2019,26.4,12.2,8,66,0.1
07-02-2019,26.6,9.7,9,66,0
08-02-2019,27,8.6,9,64,0
09-02-2019,26.5,12.6,1,61,0
10-02-2019,26.6,13.7,7,58,0
11-02-2019,26.7,14.4,38,59,0
12-02-2019,27.1,9,8,47,0
13-02-2019,27.6,12.2,1,58,0
14-02-2019,27,16.6,7,71,3.6
15-02-2019,24.4,9.7,6,70,2.8
16-02-2019,25.2,10.4,0,28,0
17-02-2019,26.4,10.8,0,48,0.2
18-02-2019,26.9,16.6,3,62,0.1
19-02-2019,26.3,13,16,72,1.6
20-02-2019,27.9,13.3,10,65,0
21-02-2019,28.1,15.1,11,64,0
22-02-2019,29,12.6,0,56,0
23-02-2019,30.5,6.1,0,45,0
24-02-2019,30,11.9,0,53,0
25-02-2019,29.4,13.7,25,57,0
26-02-2019,29.3,12.6,0,54,0
27-02-2019,29.1,14.8,1,56,0
28-02-2019,28.7,16.2,0,60,0
01-03-2019,28.3,12.6,1,57,0
02-03-2019,28.1,11.9,0,57,0
03-03-2019,29.6,12.2,0,59,0
04-03-2019,30.2,12.6,0,58,0
05-03-2019,29.6,14,0,60,0
06-03-2019,29.2,14.4,0,56,0
07-03-2019,29.6,12.6,0,52,0
08-03-2019,30.4,12.2,0,53,0
09-03-2019,30.9,13.3,0,53,0
10-03-2019,30.5,15.8,0,59,0
11-03-2019,30.1,17.6,0,60,0
12-03-2019,30.4,18.7,0,58,0
13-03-2019,30.6,16.9,13,60,0
14-03-2019,30.2,16.6,11,62,0
15-03-2019,30.3,16.2,11,60,0
16-03-2019,30.4,15.5,1,58,0
17-03-2019,30.3,15.8,4,59,0
18-03-2019,31,13.3,0,54,0
19-03-2019,30.4,15.8,0,54,0
20-03-2019,30.5,17.3,0,55,0
21-03-2019,30.1,19.4,0,57,0
22-03-2019,29.9,17.3,1,61,0
23-03-2019,29.9,16.9,6,64,0
24-03-2019,30.3,15.1,53,61,0
25-03-2019,31,16.2,2,61,0.1
26-03-2019,31.1,16.9,6,63,0
27-03-2019,31.4,15.8,2,61,0
28-03-2019,31.7,15.5,0,57,0
29-03-2019,31.6,17.6,0,57,0
30-03-2019,30.8,18.4,1,60,0
31-03-2019,30.1,17.3,10,60,0
01-04-2019,29.8,17.3,4,57,0
02-04-2019,30.2,16.9,7,61,0
03-04-2019,30.8,18.4,6,62,0
04-04-2019,31.1,18.7,6,61,0
05-04-2019,31.6,16.9,5,62,0.2
06-04-2019,30.9,14,8,67,2.4
07-04-2019,30.5,14.4,5,69,2.4
08-04-2019,31.2,18,6,62,0
09-04-2019,31.5,19.1,10,58,0
10-04-2019,31.9,18.4,1,57,0
11-04-2019,31.6,19.8,0,60,0
12-04-2019,30.5,21.6,14,60,0
13-04-2019,31.3,15.1,15,56,0
14-04-2019,31.3,18,5,57,0
15-04-2019,31.9,16.6,27,61,0.9
16-04-2019,28.8,9.4,30,86,14
17-04-2019,30.9,9,4,68,0.6
18-04-2019,31.2,14.4,42,67,2.5
19-04-2019,33.2,15.5,0,54,0
20-04-2019,34.4,14.4,1,48,0
21-04-2019,34.8,14.8,1,48,0
22-04-2019,35.1,16.9,0,50,0
23-04-2019,35.7,15.8,2,49,0
24-04-2019,36.3,12.6,2,48,0.3
25-04-2019,36.2,13,23,50,0.2
26-04-2019,37.2,11.2,4,34,0
27-04-2019,37.4,19.4,0,17,0
28-04-2019,38,16.6,15,28,0
29-04-2019,37.8,16.9,8,34,0
30-04-2019,36.3,18.4,4,49,0
01-05-2019,34.3,20.9,12,55,0
02-05-2019,34.3,19.8,15,55,0
03-05-2019,34.7,19.1,29,53,0
04-05-2019,34.2,18,25,54,0
05-05-2019,35.2,20.2,15,50,0
06-05-2019,36.6,16.6,13,47,0
07-05-2019,36.2,17.6,4,47,0
08-05-2019,34.1,19.8,34,58,0
09-05-2019,32.6,23,39,61,0
10-05-2019,31.8,16.6,81,60,0
11-05-2019,30.8,13.3,100,67,0
12-05-2019,31.1,15.8,95,63,0
13-05-2019,32.7,19.8,88,57,0
14-05-2019,34.7,16.6,39,53,0
15-05-2019,36,15.1,36,50,0
16-05-2019,36.4,19.1,23,49,0
17-05-2019,38.5,19.4,17,43,0
18-05-2019,39.8,19.8,29,37,0
19-05-2019,38.7,16.6,35,43,0
20-05-2019,36.8,21.2,24,53,0
21-05-2019,35.3,22.3,99,58,0.1
22-05-2019,33.3,18.7,97,74,13.1
23-05-2019,32.2,16.6,60,78,2.4
24-05-2019,32.8,18,26,75,3.6
25-05-2019,33.2,12.2,64,74,5.1
26-05-2019,33.8,12.6,21,65,0
27-05-2019,36.4,13.3,19,51,0
28-05-2019,34.5,21.2,10,61,0
29-05-2019,33.4,18.7,75,60,0
30-05-2019,33.3,18.7,18,59,0
31-05-2019,34.3,16.9,5,53,0
01-06-2019,34.1,14,78,56,0
02-06-2019,34.7,15.1,93,58,0
03-06-2019,35.6,11.9,84,54,0
04-06-2019,35,15.8,59,56,0
05-06-2019,33.3,20.2,80,63,0
06-06-2019,33,18.7,76,63,0
07-06-2019,33,18.7,26,63,0
08-06-2019,33,18,31,64,0
09-06-2019,33.5,18,9,59,0
10-06-2019,34.7,17.6,59,54,0
11-06-2019,36.8,18,63,39,0
12-06-2019,37.5,19.4,34,34,0
13-06-2019,38.5,20.9,55,31,0
14-06-2019,38.2,21.2,56,32,0
15-06-2019,36.8,21.6,56,44,4.9
16-06-2019,37.2,20.5,21,42,0.1
17-06-2019,36.5,23.8,20,48,0.6
18-06-2019,37.2,27,52,45,1.2
19-06-2019,33.8,22,75,61,0.6
20-06-2019,34.2,25.2,45,57,0
21-06-2019,35.6,25.6,53,48,0
22-06-2019,35.4,24.1,80,45,0
23-06-2019,35.5,20.5,70,44,0
24-06-2019,34.3,17.3,94,54,0.4
25-06-2019,29,11.2,99,89,7.7
26-06-2019,29.1,10.8,97,86,10.6
27-06-2019,28.8,7.2,94,88,16.8
28-06-2019,29.2,9.7,84,84,9.7
29-06-2019,29.1,11.9,84,85,7.7
30-06-2019,29.3,11.5,97,82,0.6
01-07-2019,29.7,11.9,96,81,6
02-07-2019,28.5,11.9,98,88,6.7
03-07-2019,29,9.4,86,85,12.6
04-07-2019,28.5,10.1,97,85,3.3
05-07-2019,28.1,10.4,97,88,16.5
06-07-2019,27.1,13,99,86,2
07-07-2019,27.8,12.6,94,88,10.9
08-07-2019,27.9,13,94,91,6.3
09-07-2019,28.1,11.5,99,90,8.6
10-07-2019,27.9,10.1,96,91,11.3
11-07-2019,27.2,6.8,97,92,12.6
12-07-2019,27.5,8.6,88,90,13.2
13-07-2019,27.8,9.4,99,87,9.7
14-07-2019,27.5,11.5,93,89,13
15-07-2019,27.1,12.2,95,91,9.2
16-07-2019,27.2,16.2,94,86,0
17-07-2019,27.5,12.6,98,87,2.9
18-07-2019,27.7,11.5,98,88,6.4
19-07-2019,28.4,10.1,98,85,7.3
20-07-2019,28.5,9.7,96,85,1.2
21-07-2019,27.5,9.7,98,93,14.9
22-07-2019,27,8.6,99,95,6
23-07-2019,27.6,9.7,93,92,21.1
24-07-2019,28,9.4,99,88,4.5
25-07-2019,28.8,11.9,95,80,0.6
26-07-2019,28.1,11.9,94,87,5.3
27-07-2019,26.7,14,99,93,15.8
28-07-2019,26,16.6,96,92,3.1
29-07-2019,26.1,14.8,99,93,20.2
30-07-2019,25.7,11.2,100,92,1.4
31-07-2019,25.8,14.4,91,91,2.2
01-08-2019,26.6,19.4,67,90,8.6
02-08-2019,26,19.1,89,90,0.6
03-08-2019,25.6,16.6,98,92,2.7
04-08-2019,25.7,17.3,97,94,11.8
05-08-2019,25.6,22.3,100,97,188.1
06-08-2019,25.2,33.5,100,95,3.7
07-08-2019,27.5,18.4,97,87,0.8
08-08-2019,27.2,11.2,98,90,10.8
09-08-2019,27.8,9,99,87,4.6
10-08-2019,28,6.1,85,88,12.8
11-08-2019,28,9.7,99,88,8.5
12-08-2019,26.9,8.6,99,94,11.3
13-08-2019,26.6,7.2,95,95,12.1
14-08-2019,26.8,9,85,93,8.4
15-08-2019,27.1,8.3,99,92,9.4
16-08-2019,28,7.2,86,87,2.5
17-08-2019,27.9,6.8,91,91,10.8
18-08-2019,27.4,10.1,96,93,8.9
19-08-2019,27.6,11.5,94,88,0.9
20-08-2019,27.2,9,87,92,8.8
21-08-2019,27.4,9,68,91,7.2
22-08-2019,27.5,8.6,99,90,0.7
23-08-2019,27.5,8.3,99,90,1.5
24-08-2019,27.2,7.9,68,90,2.2
25-08-2019,27.2,7.9,58,90,1.8
26-08-2019,27.4,9,39,89,1
27-08-2019,27.5,9,43,88,0.3
28-08-2019,28.3,6.1,78,87,1.9
29-08-2019,28.1,4,98,90,8.5
30-08-2019,27.3,9.4,48,90,5
31-08-2019,27.1,9,30,88,0.4
01-09-2019,27.5,6.5,34,86,0.2
02-09-2019,28.4,6.5,8,86,3.1
03-09-2019,28.8,9.4,21,84,4.6
04-09-2019,28.8,13.7,44,81,0
05-09-2019,28.5,14,96,85,2.3
06-09-2019,28.1,13.7,99,83,0
07-09-2019,28.1,12.6,75,84,1.3
08-09-2019,28,10.8,90,84,1.5
09-09-2019,28,11.9,79,87,13.2
10-09-2019,27.5,9.7,98,91,18.3
11-09-2019,26.7,4.3,96,94,12.9
12-09-2019,25.7,8.6,99,93,7.7
13-09-2019,26.4,8.3,89,87,0.1
14-09-2019,27.1,11.9,95,85,0.2
15-09-2019,27.6,10.4,99,84,0.6
16-09-2019,28,8.3,100,85,7.5
17-09-2019,28,8.3,96,88,13.3
18-09-2019,28,10.1,79,88,10.3
19-09-2019,28.5,11.2,77,84,12.9
20-09-2019,28,8.6,93,86,10.1
21-09-2019,26.1,16.2,100,95,96.1
22-09-2019,23.5,26.3,96,94,182.6
23-09-2019,27,11.5,23,82,0.1
24-09-2019,27.4,8.3,20,79,0
25-09-2019,28,9.7,72,77,0
26-09-2019,27.9,7.2,59,85,3.4
27-09-2019,27.4,6.8,41,90,5.4
28-09-2019,27.3,8.3,74,90,16
29-09-2019,26.5,12.2,99,92,1
30-09-2019,26.9,10.4,99,92,0.2
01-10-2019,27.5,5.4,94,91,10.2
02-10-2019,27.5,3.6,95,92,16.1
03-10-2019,26.5,3.6,99,94,16.4
04-10-2019,26.5,7.2,97,93,13
05-10-2019,26.5,13.7,86,92,5.6
06-10-2019,26.3,12.6,89,92,1
07-10-2019,27,5.4,95,90,2.3
08-10-2019,28,4.3,88,87,3.3
09-10-2019,27.2,5.4,84,91,12.4
10-10-2019,27.1,7.6,97,92,15.1
11-10-2019,27,7.2,99,93,20.4
12-10-2019,26.8,8.3,95,94,12
13-10-2019,27,5.8,83,92,11.1
14-10-2019,27.2,5,65,91,8
15-10-2019,27,7.9,58,92,7.6
16-10-2019,27,9,70,91,6
17-10-2019,26.8,7.2,94,92,7.7
18-10-2019,26.7,4.3,93,91,7.5
19-10-2019,27,3.2,84,91,6.8
20-10-2019,26.8,4,88,92,8.6
21-10-2019,26.7,7.9,80,92,11.8
22-10-2019,26.6,9,66,90,1.9
23-10-2019,26.9,8.6,59,89,2.7
24-10-2019,26.7,8.6,25,89,7.4
25-10-2019,26.8,8.3,74,85,1.6
26-10-2019,26.2,11.5,86,90,8.9
27-10-2019,26.5,9.7,86,90,1.7
28-10-2019,27.2,6.8,47,85,3.6
29-10-2019,27.4,6.5,64,87,9.2
30-10-2019,26.8,4.3,76,92,19.1
31-10-2019,26,9,98,95,16
01-11-2019,26,13,99,94,3.7
02-11-2019,25.9,12.6,95,94,3
03-11-2019,26,11.2,71,93,1.3
04-11-2019,26.6,9,15,88,1.3
05-11-2019,26.8,5.8,27,85,0
06-11-2019,26.7,4.7,4,87,2
07-11-2019,26.5,6.8,3,89,2.1
08-11-2019,26,9.7,31,90,5.6
09-11-2019,26.2,9.7,22,88,3.7
10-11-2019,25.7,11.5,30,87,0.5
11-11-2019,25.3,11.2,38,85,0
12-11-2019,25.5,9,6,81,0
13-11-2019,25.8,7.9,24,79,0
14-11-2019,26.1,5.8,24,79,0
15-11-2019,26.5,5,46,83,0.2
16-11-2019,26.1,4.7,33,87,0.2
17-11-2019,25.5,7.9,24,83,0
18-11-2019,25,9,51,83,0
19-11-2019,25.2,6.1,30,84,0
20-11-2019,24.8,6.8,12,84,0
21-11-2019,24.2,8.3,16,77,0
22-11-2019,25.1,11.2,60,79,0.2
23-11-2019,25.2,13.3,73,87,3.9
24-11-2019,24.9,11.2,18,85,0
25-11-2019,24,10.1,15,82,0
26-11-2019,23.9,9.4,79,77,0
27-11-2019,23.9,8.3,62,76,0
28-11-2019,24.1,7.2,96,72,0
29-11-2019,24.5,7.6,93,73,0
30-11-2019,24.4,9.4,56,73,0
01-12-2019,24.4,13.7,70,78,0
02-12-2019,24.3,16.2,91,81,0
03-12-2019,24.5,16.9,42,77,0
04-12-2019,23.7,12.2,33,76,0
05-12-2019,24.7,12.6,6,74,0
06-12-2019,25.4,11.5,9,74,0
07-12-2019,24.6,10.4,27,79,0.1
08-12-2019,24.6,13,9,72,0
09-12-2019,25,11.5,13,71,0
10-12-2019,24.9,7.6,0,67,0
11-12-2019,25.8,6.1,9,64,0
12-12-2019,25.4,8.3,17,71,0.4
13-12-2019,25.2,13,13,70,0.3
14-12-2019,25.7,12.6,14,67,0
15-12-2019,25.5,10.4,22,66,0.1
16-12-2019,25.2,10.1,13,63,0.1
17-12-2019,24.5,12.2,19,58,0
18-12-2019,24.1,10.8,15,55,0
19-12-2019,24,9.7,19,56,0
20-12-2019,24.1,10.8,2,53,0
21-12-2019,24.2,11.5,0,59,0
22-12-2019,24,11.2,0,61,0
23-12-2019,24,9.7,0,64,0
24-12-2019,24,8.6,4,63,0
25-12-2019,23.8,10.4,38,65,0
26-12-2019,24,12.2,56,64,0
27-12-2019,24.1,12.6,12,66,0
28-12-2019,24.5,13,32,70,0.1
29-12-2019,24.4,10.8,87,66,0
30-12-2019,24,11.2,14,67,0
31-12-2019,23.5,11.9,13,68,0
01-01-2020,24,10.4,7,64,0
02-01-2020,23.9,10.1,1,62,0
03-01-2020,23.6,12.2,1,61,0
04-01-2020,24.2,12.6,6,63,0
05-01-2020,24.8,10.1,3,63,0
06-01-2020,25,7.9,0,63,0
07-01-2020,25.2,6.8,0,61,0
08-01-2020,25.4,7.2,5,63,0
09-01-2020,25.8,6.5,0,64,0
10-01-2020,26.3,7.2,0,59,0
11-01-2020,26.9,6.5,1,58,0
12-01-2020,26.2,10.8,12,68,0.1
13-01-2020,26,8.3,8,66,0
14-01-2020,26,7.2,2,63,0
15-01-2020,25.2,10.1,0,60,0
16-01-2020,24.9,10.1,0,55,0
17-01-2020,25,5.4,0,53,0
18-01-2020,25.4,4.7,0,48,0
19-01-2020,25.2,6.8,0,48,0
20-01-2020,25.5,8.6,0,32,0
21-01-2020,25.6,8.3,0,34,0
22-01-2020,25.5,8.3,0,57,0
23-01-2020,24.6,8.6,11,63,0
24-01-2020,24.5,10.8,3,63,0
25-01-2020,25.5,16.6,8,61,0.2
26-01-2020,23.5,10.8,22,85,7.2
27-01-2020,23.7,8.6,5,85,2.4
28-01-2020,24.8,9.4,7,71,0.6
29-01-2020,25.2,9.7,5,69,1.6
30-01-2020,25,11.5,29,69,0.5
31-01-2020,25.6,9,32,60,0
01-02-2020,25.7,14.4,9,60,0
02-02-2020,25.8,14,21,57,0
03-02-2020,26.2,7.6,17,59,0.1
04-02-2020,25.7,13.3,12,68,0.3
05-02-2020,25.9,14.4,11,69,0.1
06-02-2020,25.7,14.8,8,64,0
07-02-2020,26,13,0,60,0
08-02-2020,26.4,13,0,61,0
09-02-2020,26.7,12.2,4,59,0
10-02-2020,27.4,10.1,3,60,0
11-02-2020,26.8,9,0,53,0
12-02-2020,27.4,5.8,0,45,0
13-02-2020,28,6.1,0,47,0
14-02-2020,27.8,9,0,49,0
15-02-2020,27.8,7.6,0,47,0
16-02-2020,29,6.8,0,40,0
17-02-2020,28.9,10.1,0,41,0
18-02-2020,28.2,13.3,0,49,0
19-02-2020,28.4,14.8,0,50,0
20-02-2020,28.2,18.7,26,60,0
21-02-2020,27.8,21.2,21,66,0
22-02-2020,28.1,20.5,12,63,0
23-02-2020,27.4,15.5,31,67,0
24-02-2020,28.6,15.5,6,64,0
25-02-2020,28.5,14.8,9,66,0
26-02-2020,28.3,15.8,17,64,0
27-02-2020,28.3,13.7,50,62,0
28-02-2020,28.4,13,72,60,0
29-02-2020,28.5,8.3,94,56,0
01-03-2020,28.3,10.8,88,56,0
02-03-2020,28.9,13,90,55,0
03-03-2020,28.6,13.3,6,58,0
04-03-2020,29.1,13,11,66,0.4
05-03-2020,29.5,11.2,58,66,0.2
06-03-2020,30,15.1,46,62,0.1
07-03-2020,29.6,14.4,72,63,0.1
08-03-2020,29.6,14,54,63,0.1
09-03-2020,29.4,14.8,79,59,0
10-03-2020,29.1,12.6,69,57,0
11-03-2020,29.9,10.4,76,52,0
12-03-2020,30.9,12.2,30,48,0
13-03-2020,30.6,14,45,52,0
14-03-2020,30.9,13.3,63,54,0
15-03-2020,31.1,11.9,98,53,0
16-03-2020,32,11.2,82,49,0.8
17-03-2020,32.2,8.3,87,48,0.1
18-03-2020,33,8.6,94,44,0
19-03-2020,33,11.9,67,43,0
20-03-2020,32.5,15.1,72,51,0
21-03-2020,32.3,15.1,40,57,0
22-03-2020,32.1,15.8,2,59,0
23-03-2020,31.2,18.4,10,62,0
24-03-2020,31.6,17.6,8,59,0
25-03-2020,32.2,18.7,5,58,0.1
26-03-2020,32,19.8,5,59,0.1
27-03-2020,32.2,16.6,5,56,0
28-03-2020,31.5,18.4,1,58,0.2
29-03-2020,31.4,18.4,5,58,0
30-03-2020,31.4,16.9,17,61,0
31-03-2020,31.3,15.5,63,61,0.5
01-04-2020,31.9,13.7,18,60,0.5
02-04-2020,31.5,14,16,62,1.5
03-04-2020,32,16.9,6,58,0
04-04-2020,32,17.3,63,61,0
05-04-2020,32,16.9,88,61,0
06-04-2020,32.3,16.2,52,57,0
07-04-2020,32.8,16.9,26,57,0
08-04-2020,32.8,16.9,24,59,1.3
09-04-2020,33.3,15.8,1,54,0.1
10-04-2020,33.8,14,0,50,0
11-04-2020,33.7,14.4,0,52,0
12-04-2020,32.4,19.4,0,56,0
13-04-2020,31.7,17.6,0,54,0
14-04-2020,31.9,18,2,56,0
15-04-2020,31.9,17.3,89,57,0.1
16-04-2020,31.9,18.4,58,59,0
17-04-2020,31.6,18,20,60,0
18-04-2020,32,15.1,51,57,0
19-04-2020,32.9,14.4,49,59,0
20-04-2020,33,15.1,7,60,0
21-04-2020,32.8,17.6,5,60,0
22-04-2020,32.8,18.4,12,60,0
23-04-2020,32.8,18.7,73,60,0
24-04-2020,32.5,16.9,95,59,0.6
25-04-2020,34.3,16.2,41,54,0
26-04-2020,36,15.5,1,48,0
27-04-2020,36.3,15.1,0,49,0
28-04-2020,36.5,14.8,0,49,0
29-04-2020,35.5,17.6,0,55,0
30-04-2020,33.5,20.5,7,63,0
01-05-2020,32.5,19.1,22,60,0
02-05-2020,32.1,18.4,44,62,0
03-05-2020,33.5,17.6,34,55,0
04-05-2020,34.3,18.4,29,57,0
05-05-2020,33.2,16.6,56,59,0
06-05-2020,33,18.4,39,59,0
07-05-2020,33,17.6,29,59,0
08-05-2020,34.9,16.2,28,50,0
09-05-2020,38.2,13.3,23,40,0
10-05-2020,37.7,13.3,2,41,0
11-05-2020,35.7,17.3,0,54,0
12-05-2020,36.5,13.7,17,49,0
13-05-2020,38.5,18.4,0,35,0
14-05-2020,39.7,19.4,5,26,0
15-05-2020,41.3,20.5,27,16,0.1
16-05-2020,41.2,18.4,5,15,0
17-05-2020,41.5,19.8,10,15,0
18-05-2020,41,16.6,14,17,0
19-05-2020,39.2,16.6,11,35,0
20-05-2020,39,15.1,89,33,0
21-05-2020,36.8,16.6,93,43,2.8
22-05-2020,35.1,14,99,48,0.7
23-05-2020,38.5,16.9,84,34,1.1
24-05-2020,38.5,20.5,52,30,0
25-05-2020,39.2,16.6,69,30,0
26-05-2020,39.2,14,61,30,0
27-05-2020,38.3,13.7,66,40,1.3
28-05-2020,30.3,16.6,60,73,7.5
29-05-2020,31,13.7,63,64,0.5
30-05-2020,35.8,16.6,35,48,0
31-05-2020,36.8,17.6,33,36,0
01-06-2020,36.5,20.2,69,38,0
02-06-2020,37.3,17.3,86,29,0
03-06-2020,37.6,16.9,11,31,0
04-06-2020,36.8,13,46,46,0
05-06-2020,36.8,15.5,63,45,0
06-06-2020,38.5,20.5,35,35,0
07-06-2020,39.2,24.8,24,32,0
08-06-2020,38.3,24.1,49,30,0
09-06-2020,39.8,22,63,23,0
10-06-2020,39.2,20.5,76,25,0
11-06-2020,36.2,17.3,77,38,0.6
12-06-2020,36.5,22.3,85,45,0.7
13-06-2020,38.2,20.5,79,36,0
14-06-2020,34.8,24.1,95,49,3.6
15-06-2020,31.4,22.7,75,64,2
16-06-2020,34.2,22.7,74,53,6.9
17-06-2020,29.5,17.6,91,76,15.4
18-06-2020,31.1,15.1,80,67,0
19-06-2020,31.6,22.7,99,62,0
20-06-2020,33.4,29.9,95,51,0
21-06-2020,33.8,24.1,58,46,0
22-06-2020,31.9,17.6,89,58,2.1
23-06-2020,31.4,19.8,32,54,0
24-06-2020,33,24.5,13,46,0
25-06-2020,33.6,27.4,80,43,0
26-06-2020,33.5,29.5,72,46,2.8
27-06-2020,27.8,20.2,95,78,12.9
28-06-2020,25,28.1,100,93,46.6
29-06-2020,24.1,30.6,100,94,81.8
30-06-2020,26.5,18.7,96,83,0.7
01-07-2020,27.6,13.7,36,81,0
02-07-2020,27.9,12.6,61,81,0
03-07-2020,27.8,15.1,99,83,0
04-07-2020,27.6,14,99,88,17.4
05-07-2020,27,8.3,94,93,13.8
06-07-2020,26.3,14.8,82,89,4.7
07-07-2020,26.2,15.1,75,86,0.7
08-07-2020,26.6,14.8,47,87,2.5
09-07-2020,26.6,15.1,92,86,0
10-07-2020,26.5,17.6,67,88,4.4
11-07-2020,25.4,22,87,90,4
12-07-2020,26.5,23.4,94,88,1.8
13-07-2020,26.5,24.5,95,87,1
14-07-2020,26.4,22,92,87,2.4
15-07-2020,26.6,19.1,78,87,3.4
16-07-2020,26.8,17.3,52,86,3.7
17-07-2020,27,16.6,71,86,4.4
18-07-2020,27.2,19.1,95,85,2.1
19-07-2020,26.6,19.4,84,85,0
20-07-2020,26.7,19.8,71,87,7.5
21-07-2020,26.2,20.5,83,89,3.8
22-07-2020,26,25.9,90,87,16.9
23-07-2020,24,27.7,100,96,134.9
24-07-2020,24.4,29.9,100,95,35.8
25-07-2020,23.9,30.2,100,95,20.7
26-07-2020,26.2,24.8,96,85,1.5
27-07-2020,26.4,22.7,52,84,1.8
28-07-2020,26.6,19.4,32,85,1.8
29-07-2020,25.8,16.2,77,89,0.9
30-07-2020,27,18,56,86,1.7
31-07-2020,27,17.6,64,87,4.6
01-08-2020,27.2,16.9,83,86,13
02-08-2020,26.9,18.4,77,87,6.3
03-08-2020,27,19.8,92,85,8
04-08-2020,26.8,19.4,97,84,7.2
05-08-2020,27,21.6,86,80,0.1
06-08-2020,26.6,22.7,79,83,3
07-08-2020,25.9,20.5,93,89,6.4
08-08-2020,27.1,23.4,92,84,1.1
09-08-2020,26,22,99,87,2.8
10-08-2020,27,20.5,51,80,0.2
11-08-2020,27.3,18.4,25,79,0.8
12-08-2020,27.5,17.3,42,78,0
13-08-2020,27.5,19.4,80,78,0
14-08-2020,26.2,21.6,96,83,2
15-08-2020,24.6,21.6,100,91,7.4
16-08-2020,26.1,22,100,84,0.4
17-08-2020,26.5,23.4,97,84,0.9
18-08-2020,25.5,25.2,100,87,2.8
19-08-2020,26.9,23.8,88,78,0.1
20-08-2020,27.3,20.2,67,77,0.1
21-08-2020,27.2,16.2,86,79,0.7
22-08-2020,25.6,13.3,97,88,7.8
23-08-2020,24.6,20.9,99,92,11.1
24-08-2020,24.4,27.7,100,95,60.8
25-08-2020,24,22,100,97,344.3
26-08-2020,24.8,28.1,90,93,95.4
27-08-2020,26.4,14.4,86,88,4.1
28-08-2020,27.3,10.4,81,88,7.4
29-08-2020,27.5,9.4,94,89,12.4
30-08-2020,27.1,11.9,95,87,2
31-08-2020,26.9,13,99,88,3.7
01-09-2020,26.4,8.3,100,93,19.8
02-09-2020,25.9,10.8,98,93,1.2
03-09-2020,26.2,10.1,90,90,5.8
04-09-2020,26.5,11.5,78,87,0.7
05-09-2020,26,9.7,45,84,0.1
06-09-2020,26.5,6.8,69,86,2.1
07-09-2020,27.1,9.7,57,84,1.9
08-09-2020,27,11.9,66,88,4.5
09-09-2020,27.3,10.4,73,86,6.7
10-09-2020,27,6.1,93,89,10.1
11-09-2020,26.3,4.3,92,92,13.3
12-09-2020,27.1,8.6,79,86,5.8
13-09-2020,27,12.2,94,89,8.7
14-09-2020,26.7,13,94,92,13.9
15-09-2020,27,8.6,100,93,16.7
16-09-2020,27,5,99,93,12.6
17-09-2020,27,10.4,87,93,4
18-09-2020,26.6,10.4,62,94,8.5
19-09-2020,27,9,52,91,5.7
20-09-2020,27.3,5,51,92,9.3
21-09-2020,27.3,4,73,93,21.5
22-09-2020,26.9,7.6,93,94,20.3
23-09-2020,26.6,10.1,89,94,8.9
24-09-2020,26.6,10.1,72,93,1.9
25-09-2020,26.9,10.4,84,90,8.3
26-09-2020,26,11.5,97,92,9.1
27-09-2020,26.1,13.7,98,94,8.4
28-09-2020,26.3,10.1,95,93,7.3
29-09-2020,26.1,8.3,96,94,11
30-09-2020,26.6,9,98,92,10.9
01-10-2020,26.6,7.9,98,92,5.6
02-10-2020,27.2,5.8,33,89,3.2
03-10-2020,27.5,6.1,6,87,2
04-10-2020,27.3,7.2,7,87,1.8
05-10-2020,27.6,6.8,37,85,0.9
06-10-2020,27.8,5,59,85,4.3
07-10-2020,27.4,8.6,84,88,5.1
08-10-2020,26.4,13.3,97,91,3.2
09-10-2020,26.8,16.2,96,87,3
10-10-2020,26,14,98,89,1.9
11-10-2020,26,15.1,86,91,0.2
12-10-2020,26.5,11.2,91,91,4.7
13-10-2020,26.5,10.1,83,92,3.6
14-10-2020,26.9,9.4,20,89,3.6
15-10-2020,27.4,5,24,84,1.2
16-10-2020,27.2,7.9,93,86,1.6
17-10-2020,25.6,12.6,99,92,15
18-10-2020,24.9,12.2,99,95,7
19-10-2020,25.6,10.1,99,91,3.3
20-10-2020,24.7,14.8,100,95,6.5
21-10-2020,24.5,13,99,95,8.8
22-10-2020,25,14,93,93,1.4
23-10-2020,24.6,13.7,98,96,5.3
24-10-2020,25.6,10.4,69,93,2.2
25-10-2020,26.5,5,75,90,2.5
26-10-2020,27,4.3,86,87,2.5
27-10-2020,27,7.2,95,90,4.5
28-10-2020,27.5,11.5,73,86,3.6
29-10-2020,26.9,13,86,85,0
30-10-2020,25.7,12.6,94,83,0
31-10-2020,26.5,6.5,74,82,0
01-11-2020,26,8.3,71,90,4.7
02-11-2020,26.1,5,36,92,9.9
03-11-2020,26.4,6.1,24,89,6.9
04-11-2020,26.3,5.4,84,89,4.5
05-11-2020,25.5,12.2,92,89,3.9
06-11-2020,25.1,14,99,93,3.3
07-11-2020,25,14.4,98,92,1.5
08-11-2020,24.8,12.2,87,94,2.6
09-11-2020,25.5,9.4,83,92,4
10-11-2020,25.8,8.6,70,89,0.9
11-11-2020,26.2,7.2,79,87,1.1
12-11-2020,26,6.8,49,89,1.9
13-11-2020,25.4,7.9,54,89,3.5
14-11-2020,25.1,7.6,18,84,1
15-11-2020,23.8,10.1,35,78,0
16-11-2020,22.8,8.6,99,72,0
17-11-2020,22.1,11.2,94,73,0
18-11-2020,22.8,15.1,98,87,1.1
19-11-2020,24.3,15.8,99,92,0.7
20-11-2020,24.6,14,63,87,0
21-11-2020,23.7,13.7,75,84,0
22-11-2020,23.5,11.5,73,72,0
23-11-2020,23.6,16.9,99,80,0
24-11-2020,24.5,22,98,84,0.1
25-11-2020,24.8,30.2,97,84,0
26-11-2020,24.6,19.1,85,86,0.6
27-11-2020,25.8,10.8,69,86,2.8
28-11-2020,25.2,9,62,90,3.8
29-11-2020,25.6,7.9,58,84,0.4
30-11-2020,25.2,12.6,72,86,0.5
01-12-2020,24.2,9,92,91,1.2
02-12-2020,25.1,7.9,75,85,5.2
03-12-2020,24.2,11.9,94,76,0
04-12-2020,23.9,7.6,98,83,3.4
05-12-2020,24.7,8.6,94,89,3
06-12-2020,24.6,11.9,95,89,0.9
07-12-2020,24.4,11.2,67,93,3
08-12-2020,24.6,8.3,51,92,14
09-12-2020,24.4,6.8,61,91,10.3
10-12-2020,23.8,10.1,51,93,9.7
11-12-2020,24,9.7,33,88,1.1
12-12-2020,22,12.2,13,76,0
13-12-2020,19.6,13.7,0,69,0
14-12-2020,19.2,11.2,0,68,0
15-12-2020,20.2,6.1,0,74,0
16-12-2020,20,8.3,0,72,0
17-12-2020,19.1,9.7,0,66,0
18-12-2020,19.4,6.8,34,67,0
19-12-2020,20.3,5.8,2,72,0
20-12-2020,20.8,9,1,75,0
21-12-2020,22.1,10.8,7,74,0
22-12-2020,23.4,10.1,50,61,0
23-12-2020,23.5,9.7,57,56,0
24-12-2020,23.5,9,13,59,0
25-12-2020,24,6.1,16,69,0
26-12-2020,24.1,5.8,10,73,0
27-12-2020,23.9,4.7,20,75,0
28-12-2020,24.7,6.5,25,72,0.2
29-12-2020,24.1,7.2,55,82,1.4
30-12-2020,23.9,10.1,23,69,0
31-12-2020,23.2,15.5,7,66,0
01-01-2021,24.1,14.8,37,69,0
02-01-2021,23.5,13,27,78,3.1
03-01-2021,24,14.8,19,68,0
04-01-2021,25,15.1,25,58,0
05-01-2021,24.6,13,2,52,0
06-01-2021,24.6,7.2,0,57,0
07-01-2021,24.6,7.2,0,64,0
08-01-2021,24.7,8.3,1,65,0
09-01-2021,25,6.8,4,67,0
10-01-2021,25.2,7.6,8,67,0
11-01-2021,25.2,9.7,5,67,0
12-01-2021,25,11.2,10,69,0.2
13-01-2021,25.1,11.9,9,64,0
14-01-2021,24.8,11.5,1,63,0
15-01-2021,24.9,13.7,4,61,0
16-01-2021,24,8.3,23,73,1.6
17-01-2021,23.4,14.4,2,37,0
18-01-2021,24.7,11.5,27,53,0.2
19-01-2021,25.1,11.9,33,57,0
20-01-2021,25.1,13.7,8,61,0
21-01-2021,25.5,12.6,49,62,0.1
22-01-2021,22.5,14.4,68,74,7.9
23-01-2021,20.1,11.2,98,92,20.8
24-01-2021,22.4,11.2,43,75,0
25-01-2021,22.6,11.9,13,55,0
26-01-2021,21.9,11.9,2,41,0
27-01-2021,22.4,6.8,0,45,0
28-01-2021,23,5.4,0,49,0
29-01-2021,23.2,7.6,0,47,0
30-01-2021,23.9,13,0,54,0
31-01-2021,24.7,13.7,0,59,0
01-02-2021,25.1,12.6,0,60,0
02-02-2021,25.5,11.2,0,61,0
03-02-2021,26.1,11.2,0,60,0
04-02-2021,26.2,13.3,2,63,0
05-02-2021,26.5,17.3,5,66,0
06-02-2021,26.8,17.3,21,69,0
07-02-2021,26.9,13.3,11,69,0
08-02-2021,27.6,10.1,52,65,0
09-02-2021,28.3,6.8,61,60,0.1
10-02-2021,26.8,10.1,16,74,0.9
11-02-2021,27.4,14,9,70,0
12-02-2021,27.8,12.6,26,67,0
13-02-2021,26.5,11.2,31,75,1.3
14-02-2021,26.5,15.8,32,77,1.9
15-02-2021,25.2,10.8,23,93,14.1
16-02-2021,25.4,7.9,17,87,0.8
17-02-2021,25.7,10.1,16,78,0.4
18-02-2021,26.3,11.2,6,39,0
19-02-2021,25.2,8.3,0,30,0
20-02-2021,26.1,9.7,0,53,0
21-02-2021,26.7,11.2,4,62,0
22-02-2021,27,11.9,1,60,0
23-02-2021,27,13,0,61,0
24-02-2021,26.5,14.8,2,62,0
25-02-2021,26.4,13.7,0,60,0
26-02-2021,26.7,13,2,63,0
27-02-2021,27,11.5,1,59,0
28-02-2021,27,11.5,0,55,0
01-03-2021,27.1,9.7,0,52,0
02-03-2021,27.5,11.5,0,54,0
03-03-2021,28.3,10.4,7,52,0
04-03-2021,29,8.6,2,50,0
05-03-2021,28.9,12.2,0,52,0
06-03-2021,29.1,12.2,0,55,0
07-03-2021,29,12.2,0,57,0
08-03-2021,29,13,0,56,0
09-03-2021,29.4,11.9,0,50,0
10-03-2021,29.5,12.2,1,48,0
11-03-2021,30.3,11.2,2,45,0
12-03-2021,30.9,12.6,0,45,0
13-03-2021,31.2,13.3,9,46,0
14-03-2021,31,13.7,19,49,0
15-03-2021,30.9,14.8,0,47,0
16-03-2021,30.5,14.4,4,53,0
17-03-2021,30.2,12.6,21,59,0
18-03-2021,30.4,13.3,81,62,0
19-03-2021,30.5,11.5,79,60,0
20-03-2021,31.1,14,39,56,0
21-03-2021,30.9,14.8,38,59,0
22-03-2021,31,15.1,58,63,0
23-03-2021,30.9,14.4,68,61,0
24-03-2021,31.1,13.7,74,61,0
25-03-2021,31.4,11.2,78,57,0
26-03-2021,31.2,12.2,4,56,0
27-03-2021,31.6,11.9,36,58,0
28-03-2021,32.2,16.2,9,59,0
29-03-2021,32.1,17.6,8,57,0
30-03-2021,32,17.6,8,60,0
31-03-2021,32.5,17.3,6,61,0
01-04-2021,32,11.5,19,70,2
02-04-2021,32.8,10.1,1,62,0.2
03-04-2021,32.5,14.4,0,63,0.7
04-04-2021,31.8,18.4,2,62,0
05-04-2021,31.7,18.7,15,57,0
06-04-2021,31.6,19.1,21,56,0
07-04-2021,31.5,18.7,27,59,0
08-04-2021,31.5,19.1,29,60,0
09-04-2021,31.5,18.7,26,61,0
10-04-2021,31.6,17.3,11,56,0
11-04-2021,31.9,16.2,3,53,0
12-04-2021,33.5,13.3,8,47,0
13-04-2021,32.9,16.6,12,52,0
14-04-2021,32.3,17.6,5,55,0
15-04-2021,32,16.6,3,54,0
16-04-2021,31.8,16.2,1,53,0
17-04-2021,32,17.3,33,57,0
18-04-2021,32.1,17.6,5,59,0
19-04-2021,32.7,16.9,7,53,0
20-04-2021,32.9,16.2,5,52,0
21-04-2021,33.8,14.8,43,51,0
22-04-2021,34.3,14.8,34,51,0
23-04-2021,34.7,15.1,14,47,0
24-04-2021,35.9,14,1,35,0
25-04-2021,37.7,10.8,6,35,0
26-04-2021,39.2,9.7,8,32,0
27-04-2021,40,16.6,15,15,0.1
28-04-2021,39.2,19.8,12,16,0
29-04-2021,38,16.6,16,18,1.2
30-04-2021,37.2,11.5,29,21,0.6
01-05-2021,37.5,9.4,7,26,0
02-05-2021,35.5,18.4,6,50,0.2
03-05-2021,34.7,20.2,10,53,0.2
04-05-2021,34.5,20.9,17,52,0.1
05-05-2021,35,18.4,6,50,0.4
06-05-2021,34.7,17.3,22,52,0.2
07-05-2021,33.8,19.8,1,55,0
08-05-2021,33.7,18.4,1,56,0
09-05-2021,34.5,16.9,10,53,0
10-05-2021,35.5,13.7,58,49,0
11-05-2021,35.5,18,37,51,0
12-05-2021,34.2,18.4,30,57,0
13-05-2021,33.7,19.1,49,60,0
14-05-2021,33.8,15.1,68,57,0
15-05-2021,34.8,16.2,94,53,0
16-05-2021,36.7,11.2,99,39,0
17-05-2021,37,13.3,62,45,0.3
18-05-2021,35.6,12.6,88,56,18.3
19-05-2021,31.4,13.7,98,68,8.5
20-05-2021,26.4,43.2,100,78,71.6
21-05-2021,27.7,38.5,96,68,11.2
22-05-2021,29.8,22.3,93,73,3.6
23-05-2021,29.3,14.8,89,82,9
24-05-2021,28.8,11.9,78,83,2.1
25-05-2021,29.6,11.2,46,76,0.2
26-05-2021,29.8,13.3,85,71,1.4
27-05-2021,30.2,13,36,69,4.7
28-05-2021,30.2,12.2,39,71,1.7
29-05-2021,31.5,14,64,66,0.7
30-05-2021,30.3,14.4,99,77,12
31-05-2021,27.2,16.9,100,92,12.5
01-06-2021,26,15.8,100,93,28.4
02-06-2021,25.6,14,100,94,14.8
03-06-2021,27.4,15.8,65,82,0.3
04-06-2021,27.5,16.2,98,81,0.7
05-06-2021,28,14.4,48,80,2.2
06-06-2021,28.4,12.2,66,79,0.7
07-06-2021,27.9,14.4,89,79,0.3
08-06-2021,28.3,18.7,85,77,0
09-06-2021,29.2,21.6,96,65,0
10-06-2021,29.6,20.2,95,62,0
11-06-2021,30,19.8,100,59,0
12-06-2021,30.7,18.4,99,59,0
13-06-2021,31,17.6,98,61,0.8
14-06-2021,31.5,20.5,98,61,0.7
15-06-2021,33,23,98,51,0
16-06-2021,32.3,23,97,57,0.7
17-06-2021,32.4,21.2,88,55,0.1
18-06-2021,32.8,20.2,53,48,0
19-06-2021,33.2,19.4,96,44,0.1
20-06-2021,32.8,15.1,96,52,1.6
21-06-2021,29.7,15.1,90,78,7.8
22-06-2021,28.5,13.3,94,87,19.9
23-06-2021,28.2,13,88,88,2
24-06-2021,27.5,16.2,89,90,7.6
25-06-2021,28,15.1,100,85,0
26-06-2021,28.3,16.9,100,77,0.4
27-06-2021,29.1,19.8,59,72,1.1
28-06-2021,28,22,87,77,1.4
29-06-2021,26.8,22.3,89,84,2.1
30-06-2021,25.3,19.1,100,90,6.9
01-07-2021,24.5,22.3,100,92,23.8
02-07-2021,24.9,25.2,99,87,12.3
03-07-2021,25.5,22.3,99,88,4.3
04-07-2021,26.2,19.8,98,84,3.2
05-07-2021,28,22,95,76,3
06-07-2021,27.4,18,82,84,11.3
07-07-2021,28,16.6,65,79,2.8
08-07-2021,27.7,16.2,96,78,0.7
09-07-2021,27.6,16.2,95,81,1.5
10-07-2021,28.5,19.1,92,73,0.6
11-07-2021,29.1,19.8,95,67,0.1
12-07-2021,29.3,20.9,89,65,0
13-07-2021,30,22.7,95,61,0
14-07-2021,30.4,19.4,35,60,0
15-07-2021,29.2,14,72,72,2.6
16-07-2021,29.2,15.1,75,69,0.9
17-07-2021,30.3,17.3,87,62,0.2
18-07-2021,29.8,15.5,99,66,0.7
19-07-2021,29.4,17.6,99,71,2.1
20-07-2021,28.1,17.6,95,74,1.2
21-07-2021,29.2,20.5,96,66,0.7
22-07-2021,27.2,17.6,96,81,6.1
23-07-2021,26.5,15.5,95,92,6.1
24-07-2021,26,15.1,99,94,8.6
25-07-2021,25.6,16.9,99,91,9.3
26-07-2021,24.4,20.5,99,96,6.7
27-07-2021,26,19.1,100,85,0.3
28-07-2021,26.5,24.8,98,81,5.7
29-07-2021,24.8,30.6,98,93,284.1
30-07-2021,25.6,25.9,100,91,18.4
31-07-2021,25.8,22.3,100,90,0.8
01-08-2021,27.1,19.8,83,83,1.1
02-08-2021,27.3,16.2,83,83,2.5
03-08-2021,28,11.5,89,80,2.2
04-08-2021,28.1,13,98,80,0
05-08-2021,27.9,14.8,88,87,7.6
06-08-2021,27.5,15.5,96,88,7.7
07-08-2021,27,17.3,99,90,19.7
08-08-2021,26.4,19.1,98,92,10.5
09-08-2021,25.7,18.4,93,93,5.4
10-08-2021,26.1,18,81,91,2.6
11-08-2021,27,16.6,87,88,4.7
12-08-2021,27.2,17.6,98,86,9.3
13-08-2021,26.6,19.1,91,89,32.1
14-08-2021,25.4,25.2,100,92,28.2
15-08-2021,24.9,32.8,99,90,14.7
16-08-2021,25,25.6,98,87,9.1
17-08-2021,26.9,16.2,55,79,0.1
18-08-2021,27.3,13,55,79,0.1
19-08-2021,27.5,15.5,74,81,1.2
20-08-2021,25.7,11.5,93,94,52.2
21-08-2021,26.4,11.2,99,93,12.5
22-08-2021,25.6,17.6,98,91,0.8
23-08-2021,26.9,14.4,97,90,8.4
24-08-2021,26.6,14,85,90,5.9
25-08-2021,27.4,14,98,84,0.9
26-08-2021,27,13,98,89,9.7
27-08-2021,26.6,12.6,91,92,16.4
28-08-2021,25.5,14.8,100,94,1.6
29-08-2021,26.5,10.8,86,90,7.3
30-08-2021,26.9,9.4,91,91,11.7
31-08-2021,27.4,10.8,61,83,0.9
01-09-2021,27.1,15.1,52,82,0.2
02-09-2021,27,15.5,66,83,1
03-09-2021,27.3,14,72,86,3.2
04-09-2021,27.3,10.8,86,89,7.1
05-09-2021,26.6,9,91,93,19
06-09-2021,26.8,7.2,93,93,18.3
07-09-2021,26.8,7.9,94,93,21.7
08-09-2021,27,8.6,92,92,19.9
09-09-2021,27.1,7.9,89,92,26.2
10-09-2021,26.1,11.5,99,95,9.6
11-09-2021,27,13.3,96,89,9.6
12-09-2021,27.2,13.7,88,89,6.1
13-09-2021,27.4,12.6,74,87,4.5
14-09-2021,27.1,8.6,83,90,10.1
15-09-2021,26.6,7.6,89,92,13.8
16-09-2021,26.5,11.2,90,93,23.8
17-09-2021,26.5,10.1,99,93,18
18-09-2021,27,11.5,92,92,15
19-09-2021,26.7,11.2,97,93,15.6
20-09-2021,27,7.6,64,91,8.4
21-09-2021,27.2,7.9,85,90,9
22-09-2021,26.8,8.6,94,93,8.8
23-09-2021,27,7.9,90,92,7.1
24-09-2021,27.4,7.2,97,88,1.1
25-09-2021,27.8,8.6,99,88,6.2
26-09-2021,27.8,7.2,99,90,10.2
27-09-2021,27.8,5.8,98,89,9.2
28-09-2021,27.1,7.9,96,92,13.3
29-09-2021,26.7,10.1,98,94,12
30-09-2021,27,9,95,92,7
01-10-2021,26.8,9,98,92,9.3
02-10-2021,26.8,9.7,99,90,1.3
03-10-2021,26.3,6.1,98,92,20.4
04-10-2021,26.3,11.5,99,92,5.2
05-10-2021,25.9,11.2,91,93,0.8
06-10-2021,26.5,8.6,79,91,6.2
07-10-2021,26.5,17.3,99,92,6.8
08-10-2021,26.4,9.7,98,91,8.3
09-10-2021,26.4,4.7,77,91,5.3
10-10-2021,26.4,5.8,81,91,7.1
11-10-2021,26.7,9.7,86,90,6.9
12-10-2021,26.9,12.2,75,88,15.2
13-10-2021,25.1,34.9,99,92,23
14-10-2021,26.1,16.9,99,93,14.5
15-10-2021,26.5,10.1,98,92,7.4
16-10-2021,26.3,10.1,98,93,4.2
17-10-2021,26,6.8,96,93,3.8
18-10-2021,26.4,5.8,57,90,2
19-10-2021,26.8,5.8,68,86,0.1
20-10-2021,26.9,4.3,37,86,5.7
21-10-2021,26.5,6.8,55,83,0.3
22-10-2021,25.8,7.9,70,88,3.6
23-10-2021,25.8,10.4,67,88,1.8
24-10-2021,26.2,10.4,66,82,0.9
25-10-2021,26.1,10.1,99,84,0.2
26-10-2021,26.2,4.7,76,90,5.7
27-10-2021,26.4,5.4,32,90,10.6
28-10-2021,26.5,7.2,29,86,7.8
29-10-2021,26.1,10.1,23,81,0
30-10-2021,26.3,12.2,28,84,1.1
31-10-2021,26.1,11.5,43,85,3.2
01-11-2021,26,9,22,76,0.6
02-11-2021,25.7,10.1,67,76,0
03-11-2021,24.9,14,99,82,2.9
04-11-2021,24.2,20.9,100,94,3.5
05-11-2021,25,18,99,93,2
06-11-2021,23.5,14.4,100,98,29.1
07-11-2021,23.6,11.5,99,95,5.2
08-11-2021,25.4,11.5,64,84,0
09-11-2021,25.5,10.4,44,85,0.3
10-11-2021,25.1,9.7,90,90,10.5
11-11-2021,25,11.2,96,93,6.6
12-11-2021,26,11.2,89,89,0
13-11-2021,25.2,10.4,75,92,8.1
14-11-2021,25.5,7.9,86,91,4.6
15-11-2021,26,9.7,23,90,6.1
16-11-2021,25.6,10.1,62,92,9.8
17-11-2021,25.5,7.2,52,93,15.7
18-11-2021,25.1,6.5,57,91,1.4
19-11-2021,25,8.6,72,81,0
20-11-2021,24.4,9,64,80,0
21-11-2021,23.5,12.2,95,82,0.1
22-11-2021,22.7,18.7,99,89,10.3
23-11-2021,23,21.2,100,94,18.7
24-11-2021,22.5,14.8,98,96,9
25-11-2021,24.6,7.9,44,89,2.1
26-11-2021,25.8,5,22,86,1
27-11-2021,26.1,6.1,14,87,3.6
28-11-2021,25.4,6.1,21,91,7.8
29-11-2021,24.3,10.4,8,84,0
30-11-2021,24.5,12.2,28,84,0.1
01-12-2021,24.6,12.2,32,84,0.1
02-12-2021,24.6,11.5,43,83,0
03-12-2021,24.5,11.5,53,82,0
04-12-2021,24.8,12.6,14,82,0
05-12-2021,24.4,13,0,80,0
06-12-2021,24,13.7,0,78,0
07-12-2021,23.5,11.9,1,76,0
08-12-2021,23.2,9.7,1,74,0
09-12-2021,22.1,9.7,11,67,0
10-12-2021,21.7,9.4,0,74,0
11-12-2021,21.3,5.4,0,72,0
12-12-2021,21.4,6.8,1,74,0
13-12-2021,21.4,5.4,26,71,0
14-12-2021,22,7.6,31,81,0
15-12-2021,22.1,11.5,29,80,0
16-12-2021,22.5,9.4,26,75,0
17-12-2021,22.9,9.4,43,78,0
18-12-2021,22.5,9.4,78,80,0
19-12-2021,22.8,10.1,36,78,0
20-12-2021,23,7.2,46,75,0
21-12-2021,22.9,5,82,78,0
22-12-2021,23.6,6.8,64,75,0
23-12-2021,23.5,8.3,2,69,0
24-12-2021,23.3,6.1,0,66,0
25-12-2021,23.5,7.6,1,70,0
26-12-2021,23.8,10.4,54,70,0
27-12-2021,23.6,9.4,98,73,0
28-12-2021,23.8,9,88,76,0
29-12-2021,24,7.6,99,80,0
30-12-2021,24.1,5,53,75,0
31-12-2021,24.1,7.9,1,74,0
01-01-2022,24.2,9,1,71,0
02-01-2022,24,10.4,1,71,0
03-01-2022,24,13.3,20,72,0
04-01-2022,24.2,13.7,35,74,0
05-01-2022,24.4,14,24,74,0
06-01-2022,24.4,15.5,10,70,0
07-01-2022,24.5,14.8,8,69,0
08-01-2022,24.5,11.5,8,71,0
09-01-2022,24.3,10.1,1,68,0
10-01-2022,24.5,9.4,1,66,0
11-01-2022,24.9,7.2,0,64,0
12-01-2022,25.1,7.9,4,64,0
13-01-2022,25.3,7.6,4,66,0.1
14-01-2022,25.2,7.6,3,68,0.2
15-01-2022,24.7,9,8,70,0.9
16-01-2022,24,13,3,63,0.4
17-01-2022,23.7,14.4,0,58,0
18-01-2022,24.4,14.8,5,63,0.1
19-01-2022,22.2,11.2,12,88,13.7
20-01-2022,20,14.4,0,60,0
21-01-2022,22.2,10.4,0,41,0
22-01-2022,23,10.1,0,48,0
23-01-2022,22.5,9.7,0,44,0
24-01-2022,22,9.7,0,36,0
25-01-2022,22.5,10.8,0,38,0
26-01-2022,22.4,10.8,0,43,0
27-01-2022,22.5,10.8,0,39,0
28-01-2022,23,9.7,0,42,0
29-01-2022,23.3,10.4,0,53,0
30-01-2022,23.5,10.1,0,50,0
31-01-2022,24.4,9.4,28,52,0
01-02-2022,25.6,9,13,65,0
02-02-2022,26.1,9.7,15,69,0
03-02-2022,26.8,7.6,3,64,0
04-02-2022,26.7,9.4,0,64,0
05-02-2022,26.2,12.6,24,64,0
06-02-2022,26.5,11.5,0,63,0
07-02-2022,27,8.3,0,63,0
08-02-2022,27.5,6.1,2,62,0.1
09-02-2022,27.4,4.3,2,60,0.1
10-02-2022,25.5,13.3,0,24,0
11-02-2022,25.2,9.7,0,35,0
12-02-2022,25.6,6.1,0,54,0
13-02-2022,26.9,6.1,0,50,0
14-02-2022,28,6.5,0,32,0
15-02-2022,27.4,7.9,0,33,0
16-02-2022,27.2,7.9,0,54,0
17-02-2022,27.3,5.4,2,57,0
18-02-2022,27.2,10.1,3,62,0
19-02-2022,26.6,11.5,8,57,0
20-02-2022,26.1,11.9,0,56,0
21-02-2022,26.2,13.7,5,61,0
22-02-2022,27.4,14,0,57,0
23-02-2022,27.5,12.6,0,57,0
24-02-2022,27.5,11.5,0,54,0
25-02-2022,28.2,10.8,8,44,0
26-02-2022,29.1,6.5,16,41,0
27-02-2022,29.1,9.7,44,44,0
28-02-2022,28.5,13.7,22,53,0
01-03-2022,27.8,16.2,73,54,0
02-03-2022,27.8,15.5,57,54,0
03-03-2022,28.8,9.4,31,55,0
04-03-2022,29.8,7.2,13,47,0
05-03-2022,29.6,10.1,0,53,0
06-03-2022,29.2,13.3,3,60,0
07-03-2022,28.3,15.8,15,59,0
08-03-2022,28,16.9,38,62,0
09-03-2022,27.6,19.4,46,59,0
10-03-2022,28.2,20.5,26,59,0.1
11-03-2022,28.9,19.8,73,61,0.2
12-03-2022,29.1,19.1,28,62,0.2
13-03-2022,29.1,19.8,19,63,0.1
14-03-2022,28.8,19.8,52,62,0
15-03-2022,29,20.9,32,59,0.1
16-03-2022,25.5,14.4,49,86,7.6
17-03-2022,25.8,11.5,41,83,7.2
18-03-2022,25.2,7.9,74,89,12.2
19-03-2022,25.1,7.6,42,89,13.4
20-03-2022,26.1,13,36,79,1.5
21-03-2022,25.5,7.9,49,89,12.8
22-03-2022,25.8,5.8,68,88,4.4
23-03-2022,26.5,7.2,66,85,4.8
24-03-2022,27.1,9,40,78,0.1
25-03-2022,28.1,11.2,67,67,0.3
26-03-2022,29.1,11.5,73,57,0
27-03-2022,30,9,46,58,0
28-03-2022,30,10.4,2,60,0.7
29-03-2022,28.9,11.5,10,69,3.8
30-03-2022,29.1,8.3,38,65,0.9
31-03-2022,27.4,5.4,28,81,13.2
01-04-2022,28.9,6.5,1,67,0
02-04-2022,30.6,8.3,0,55,0
03-04-2022,30,10.8,2,56,0
04-04-2022,29.5,10.8,0,55,0
05-04-2022,29.5,10.1,0,48,0
06-04-2022,30.6,8.3,0,46,0
07-04-2022,30.4,11.2,1,48,0
08-04-2022,30.4,11.2,1,52,0
09-04-2022,31.2,10.1,0,51,0
10-04-2022,30.5,13.7,10,54,0
11-04-2022,31,12.6,1,53,0
12-04-2022,31.8,13.7,1,53,0
13-04-2022,31.8,15.1,0,57,0
14-04-2022,31.7,17.3,0,58,0.1
15-04-2022,31.5,18,1,61,0
16-04-2022,31.6,19.4,7,62,0
17-04-2022,32,18.4,1,60,0
18-04-2022,32.5,18,1,57,0
19-04-2022,32.8,18.4,2,55,0
20-04-2022,33.3,18.7,19,54,0
21-04-2022,33.3,18,16,53,0
22-04-2022,34,17.3,8,46,0
23-04-2022,34.5,18.4,4,45,0
24-04-2022,33.7,15.1,30,50,0
25-04-2022,33.5,17.6,1,54,0
26-04-2022,33.5,17.6,4,53,0
27-04-2022,32.7,20.2,0,57,0
28-04-2022,32.7,18,12,57,0
29-04-2022,33.9,17.3,73,50,0
30-04-2022,35.7,16.2,16,45,0
01-05-2022,36.6,15.8,11,46,0
02-05-2022,36,14.4,0,52,0
03-05-2022,35.7,17.3,0,54,0.1
04-05-2022,35.7,19.4,0,54,0
05-05-2022,36.3,18,0,51,0
06-05-2022,37.5,15.1,0,46,0
07-05-2022,37.8,13.7,0,45,0
08-05-2022,38.3,10.8,1,40,0
09-05-2022,37.1,16.6,4,48,0
10-05-2022,34.5,20.9,8,58,0
11-05-2022,34,20.2,40,57,0
12-05-2022,35.3,15.5,76,53,0
13-05-2022,35.8,13.3,73,53,0.7
14-05-2022,36.7,13,57,47,0
15-05-2022,36.7,13.7,53,46,0
16-05-2022,37.2,14.4,33,44,0
17-05-2022,37.8,13.7,5,45,0
18-05-2022,38.1,13,0,44,0
19-05-2022,36.5,16.9,10,53,0.1
20-05-2022,35,18.7,24,57,0
21-05-2022,35,19.1,22,54,0
22-05-2022,36,18,14,52,0
23-05-2022,38.3,18.4,23,43,0
24-05-2022,39.5,20.5,14,38,0
25-05-2022,39.2,19.4,2,39,0
26-05-2022,39.7,18.4,2,37,0
27-05-2022,40.2,18,37,34,0
28-05-2022,38.8,22,93,40,0
29-05-2022,38.2,22,96,44,0
30-05-2022,38.8,22.3,85,40,0
31-05-2022,40.2,23.8,16,30,0
01-06-2022,40.7,27.7,25,30,0
02-06-2022,40.7,23.4,35,25,0
03-06-2022,41.8,19.4,67,20,0
04-06-2022,39.9,19.4,77,32,0.1
05-06-2022,40.6,24.1,48,27,0
06-06-2022,38.7,35.6,59,36,6.2
07-06-2022,34,34.6,84,53,0
08-06-2022,35.9,32.8,88,43,0
09-06-2022,35.3,28.1,58,43,0
10-06-2022,34.8,23.4,80,43,0
11-06-2022,35.2,22,96,45,0
12-06-2022,36.2,22.7,37,39,0
13-06-2022,36.2,25.2,84,38,0.3
14-06-2022,33.5,18.4,79,56,3
15-06-2022,35.2,22.7,73,46,6.3
16-06-2022,34.2,24.5,74,39,0.4
17-06-2022,37.2,29.5,9,30,0
18-06-2022,36.9,30.6,9,32,0
19-06-2022,37.1,31,31,35,0
20-06-2022,37.5,31,57,33,0
21-06-2022,37.2,34.6,54,34,0
22-06-2022,35.5,31.3,76,38,1
23-06-2022,34.7,28.8,80,47,1.9
24-06-2022,35.8,29.9,88,38,0.3
25-06-2022,34.5,26.6,94,42,0.7
26-06-2022,29,19.1,97,70,4.1
27-06-2022,32.7,24.5,89,49,0.1
28-06-2022,33.3,18.4,63,46,0.3
29-06-2022,34.5,23.8,56,42,0.5
30-06-2022,35.3,24.1,21,38,0.2
01-07-2022,35.2,24.1,51,39,0.2
02-07-2022,34.2,22.7,31,49,1.5
03-07-2022,33.6,20.9,73,55,7.2
04-07-2022,31.9,18.7,97,63,6.5
05-07-2022,30.1,16.9,99,75,9
06-07-2022,27.1,20.5,98,90,10.2
07-07-2022,25.4,20.5,98,95,28.9
08-07-2022,23.8,26.6,100,97,281.1
09-07-2022,26.2,22.3,85,88,0.1
10-07-2022,26.4,22.7,89,88,86.1
11-07-2022,27,21.2,92,84,4.1
12-07-2022,27,20.5,100,82,0.4
13-07-2022,25.8,17.3,97,89,12.5
14-07-2022,27,18.7,89,82,0
15-07-2022,27.5,18,86,79,0
16-07-2022,27.8,18.4,71,78,0.3
17-07-2022,28.5,14.8,30,80,5.3
18-07-2022,28.2,15.8,79,79,0.3
19-07-2022,27.9,16.2,86,83,11.9
20-07-2022,26.9,19.4,100,86,0.3
21-07-2022,25,19.8,85,92,6.5
22-07-2022,26.5,23.8,82,86,8.1
23-07-2022,26.1,24.8,97,85,1.1
24-07-2022,26.4,26.6,99,83,0.9
25-07-2022,26.9,22.3,83,79,0
26-07-2022,27.9,18.4,60,76,0.4
27-07-2022,28.1,12.6,59,78,3.1
28-07-2022,28.2,15.5,44,81,1.1
29-07-2022,28,18.4,57,85,3.7
30-07-2022,27.5,19.8,88,88,4.9
31-07-2022,26.6,20.5,87,93,22.6
01-08-2022,26.8,19.1,97,92,25.4
02-08-2022,26.5,18.7,94,92,17.6
03-08-2022,26.6,14,95,94,19
04-08-2022,27.1,9,98,94,17.4
05-08-2022,28.1,8.3,99,85,2.1
06-08-2022,28.2,7.9,43,86,12.3
07-08-2022,28,10.4,74,87,5.9
08-08-2022,27.8,13.3,87,89,6.9
09-08-2022,27.5,15.5,94,89,9.2
10-08-2022,27.5,16.9,66,88,2.2
11-08-2022,27.2,14.8,96,92,8.2
12-08-2022,26.9,14,99,92,9.1
13-08-2022,25.8,15.5,96,96,17.1
14-08-2022,25.5,17.6,100,95,22.5
15-08-2022,24.4,21.6,99,97,175.4
16-08-2022,24.9,28.4,100,94,9.7
17-08-2022,25.1,22.3,98,94,10
18-08-2022,25.2,15.5,100,94,4.1
19-08-2022,27.4,14.8,96,86,3.6
20-08-2022,27.5,11.5,83,88,9.2
21-08-2022,28,11.2,83,86,8.9
22-08-2022,28,13.7,77,85,1.6
23-08-2022,28,13.7,82,86,3.7
24-08-2022,27.5,9.4,95,92,18.2
25-08-2022,27.1,7.9,81,94,11.3
26-08-2022,27.1,11.2,96,92,9.7
27-08-2022,26.7,11.2,68,93,3.1
28-08-2022,27,9,77,91,2.7
29-08-2022,27.7,7.6,95,90,6.4
30-08-2022,27.2,5.8,98,93,11.5
31-08-2022,27.1,5.8,99,92,12.5
01-09-2022,27.2,6.5,96,92,11.6
02-09-2022,27.3,7.9,94,92,18.4
03-09-2022,27.3,7.2,99,90,11.8
04-09-2022,27.1,9,98,91,19.8
05-09-2022,25.4,8.3,100,97,36.9
06-09-2022,25.5,15.1,99,96,51.5
07-09-2022,25.1,20.9,98,96,20.9
08-09-2022,26.2,14.8,77,88,3.4
09-09-2022,27,10.8,87,86,4.8
10-09-2022,27.7,10.1,65,86,8.3
11-09-2022,27.9,10.8,91,85,8.5
12-09-2022,27.4,9.7,45,91,17.7
13-09-2022,27.5,10.1,90,92,11.6
14-09-2022,27.3,13,95,92,8.9
15-09-2022,27.6,12.2,90,91,12.1
16-09-2022,27.8,11.2,99,90,8.9
17-09-2022,27.9,10.8,99,90,11.6
18-09-2022,27.9,11.5,99,89,8.3
19-09-2022,27.2,12.2,95,92,11.6
20-09-2022,26.7,14,96,92,8.6
21-09-2022,26.8,15.5,76,90,11.6
22-09-2022,27.4,11.9,91,91,11
23-09-2022,27.9,10.8,92,88,6
24-09-2022,27.3,10.4,98,92,11.4
25-09-2022,27,9.7,94,93,8.3
26-09-2022,26.9,10.1,96,91,3
27-09-2022,27,8.3,84,91,4.5
28-09-2022,27.1,6.8,96,90,3.4
29-09-2022,27,7.2,98,90,3.5
30-09-2022,27.4,7.6,96,88,1
01-10-2022,27.7,5.4,87,88,6.2
02-10-2022,27.4,2.9,99,90,8.3
03-10-2022,27,6.8,98,91,8.7
04-10-2022,27,9,29,88,3.2
05-10-2022,26.5,6.5,29,87,0.3
06-10-2022,27.3,5,11,85,1.6
07-10-2022,27.1,5.4,29,87,4.9
08-10-2022,26.9,9,77,86,0.4
09-10-2022,26.2,9,78,92,8.8
10-10-2022,26.3,8.6,45,89,3.7
11-10-2022,26.6,6.1,33,87,1.9
12-10-2022,26.8,4.7,23,88,2.3
13-10-2022,27.1,4.3,6,87,4.3
14-10-2022,27.1,4.3,55,88,9.5
15-10-2022,27,3.2,39,89,8.8
16-10-2022,26.5,7.2,51,90,5.9
17-10-2022,26,6.8,60,92,7.1
18-10-2022,26.1,9,54,91,8
19-10-2022,26.4,8.6,56,88,3.7
20-10-2022,26,8.6,50,89,0.3
21-10-2022,26,8.3,17,87,0.6
22-10-2022,25.6,10.1,15,85,0
23-10-2022,25.8,10.4,82,87,0.6
24-10-2022,26.6,9,45,83,0.1
25-10-2022,26.1,9.7,26,81,0
26-10-2022,26.1,9.4,8,78,0
27-10-2022,26.9,9,81,82,0.1
28-10-2022,26,19.4,97,84,0.3
29-10-2022,25,15.8,78,94,7.7
30-10-2022,25,13.3,48,94,8.3
31-10-2022,26,8.6,69,90,2.5
01-11-2022,26.3,7.2,27,86,2.5
02-11-2022,25.5,8.3,4,77,0
03-11-2022,25.8,7.9,49,78,0
04-11-2022,26.3,9,66,81,0
05-11-2022,25.7,11.9,59,90,7.7
06-11-2022,26,9,95,88,0.1
07-11-2022,26.4,5,50,87,3.7
08-11-2022,26.5,6.5,11,84,2.1
09-11-2022,26.3,8.6,12,80,0.1
10-11-2022,26.2,7.6,8,79,1.7
11-11-2022,26.1,7.6,18,75,0.1
12-11-2022,25.3,7.6,1,67,0
13-11-2022,25,10.4,31,65,0
14-11-2022,25,12.2,15,56,0
15-11-2022,25.8,11.9,44,59,0
16-11-2022,24.4,13.7,97,85,9.1
17-11-2022,25,13.3,80,89,3.5
18-11-2022,22.9,16.9,99,95,4.9
19-11-2022,24.2,14.4,52,86,0
20-11-2022,25.6,5.8,26,85,3
21-11-2022,25.5,5,18,86,1.4
22-11-2022,25.6,5,17,84,0.8
23-11-2022,25.6,5.4,12,82,0.8
24-11-2022,24.9,8.6,25,86,0.7
25-11-2022,24.7,13,34,84,0.4
26-11-2022,24.2,13,73,87,3.6
27-11-2022,22.8,14,86,80,0
28-11-2022,24.5,15.1,28,71,0
29-11-2022,25,16.6,68,68,0
30-11-2022,25.8,12.2,46,66,0
01-12-2022,25.1,10.4,85,67,0.1
02-12-2022,25.3,13,12,56,0
03-12-2022,24.9,11.9,19,58,0
04-12-2022,25.1,10.1,24,53,0
05-12-2022,25.1,10.4,35,56,0
06-12-2022,24.8,12.6,46,56,0
07-12-2022,23.3,9.7,77,60,0.2
08-12-2022,24.9,11.2,12,66,0
09-12-2022,25.1,10.4,0,67,0
10-12-2022,25.5,7.2,1,68,0
11-12-2022,26,7.2,3,67,0
12-12-2022,26.1,10.1,53,67,0.2
13-12-2022,25.9,11.5,57,64,0.1
14-12-2022,26,10.4,85,57,0
15-12-2022,25.5,10.1,84,59,0
16-12-2022,25.7,11.9,98,58,0
17-12-2022,25.5,13.3,42,58,0
18-12-2022,25.2,9.4,49,59,0
19-12-2022,25.3,4.7,37,57,0
20-12-2022,25.4,5.8,34,59,0
21-12-2022,25.8,7.6,15,61,0.1
22-12-2022,26.2,8.3,14,59,0
23-12-2022,26.2,7.6,7,60,0
24-12-2022,26,9.4,32,58,0
25-12-2022,25.2,10.4,51,52,0
26-12-2022,24.6,10.4,5,49,0
27-12-2022,24.2,10.8,0,46,0
28-12-2022,24.4,11.2,0,44,0
29-12-2022,24.7,12.2,0,49,0
30-12-2022,24.9,7.9,0,52,0
31-12-2022,25.4,9.4,0,40,0
01-01-2023,25,8.3,0,47,0
02-01-2023,24.5,9,0,52,0
03-01-2023,24.5,13.7,0,53,0
04-01-2023,24.6,15.1,0,55,0
05-01-2023,24.8,14,15,64,0
06-01-2023,25.4,12.2,9,59,0.1
07-01-2023,25,13,1,56,0
08-01-2023,24.7,13.7,1,57,0
09-01-2023,25,10.4,31,47,0
10-01-2023,25.4,7.9,95,49,0
11-01-2023,25.5,8.6,70,58,0
12-01-2023,25.5,9,64,59,0
13-01-2023,25.6,7.6,87,56,0
14-01-2023,25.7,6.1,90,55,0
15-01-2023,25.8,7.6,91,56,0
16-01-2023,25.4,11.2,41,59,0
17-01-2023,25.2,10.8,89,61,0
18-01-2023,25.8,9.7,6,60,0
19-01-2023,26.5,6.8,0,58,0
20-01-2023,26.7,9.4,18,60,0
21-01-2023,26.4,7.2,47,48,0
22-01-2023,26.2,10.4,6,55,0
23-01-2023,26.5,10.4,18,63,0
24-01-2023,27.2,9.4,8,63,0
25-01-2023,27.6,6.8,9,58,0
26-01-2023,27.6,10.1,0,60,0
27-01-2023,27.3,11.9,0,61,0
28-01-2023,27.3,11.5,0,60,0
29-01-2023,27.6,12.6,0,60,0
30-01-2023,27.2,13.7,0,22,0
31-01-2023,26.5,10.8,5,33,0
01-02-2023,26.4,10.4,13,67,0.1
02-02-2023,26.8,13.3,13,67,0.2
03-02-2023,26.8,14.8,27,66,0.1
04-02-2023,27.2,16.9,17,67,0.2
05-02-2023,27.5,16.2,24,67,0.1
06-02-2023,27.1,14.8,9,64,0
07-02-2023,27.7,13.3,22,65,0.9
08-02-2023,27.6,9.4,6,64,0.4
09-02-2023,27,17.3,39,68,0.2
10-02-2023,27,14.4,71,57,0
11-02-2023,26.7,14.4,18,53,0
12-02-2023,27,12.6,3,54,0
13-02-2023,28.2,9.7,1,57,0
14-02-2023,28.4,9,2,60,0
15-02-2023,28.5,9.4,0,60,0
16-02-2023,28.4,12.2,47,61,0
17-02-2023,28,11.9,56,59,0
18-02-2023,28.1,11.5,15,57,0
19-02-2023,28.5,9.7,15,52,0
20-02-2023,28.5,10.1,12,49,0
21-02-2023,28.6,10.1,66,48,0
22-02-2023,28.5,13.7,26,53,0
23-02-2023,28.7,14,0,57,0
24-02-2023,28.8,16.6,0,59,0
25-02-2023,28.8,15.5,12,61,0
26-02-2023,29.1,15.1,10,63,0.2
27-02-2023,28.2,12.2,19,71,3.2
28-02-2023,27.1,11.2,23,78,3.3
01-03-2023,27.1,13,14,76,2.4
02-03-2023,27.5,11.9,11,67,0.6
03-03-2023,27.9,13.7,11,63,0
04-03-2023,27.8,13.7,67,62,0
05-03-2023,27.5,11.9,37,60,0
06-03-2023,28.3,9.7,9,55,0
07-03-2023,29.5,7.9,6,51,0
08-03-2023,29.1,14,4,57,0.3
09-03-2023,28.5,15.5,5,65,0.8
10-03-2023,28.8,16.9,6,62,0
11-03-2023,29,18.4,11,61,0
12-03-2023,29.5,18.7,18,65,0.7
13-03-2023,28.6,13,12,75,0.6
14-03-2023,30,15.1,10,65,0
15-03-2023,30.5,16.9,7,63,0.1
16-03-2023,30.2,13.3,9,69,3.2
17-03-2023,28.6,12.6,1,77,2.2
18-03-2023,30.5,17.3,8,64,0.5
19-03-2023,30.6,18.4,9,66,0.4
20-03-2023,31.6,19.8,9,62,0.1
21-03-2023,30.9,16.6,8,65,1
22-03-2023,30.6,15.8,8,64,1.2
23-03-2023,31.6,17.3,3,60,0.3
24-03-2023,32.2,16.9,1,57,0
25-03-2023,32,18,0,58,0
26-03-2023,31.6,19.8,5,60,0
27-03-2023,31.2,19.4,18,61,0
28-03-2023,31.4,18.7,17,59,0
29-03-2023,31.2,18.7,10,59,0
30-03-2023,31.1,17.3,86,60,0
31-03-2023,31,17.3,98,63,0
01-04-2023,31.4,15.8,65,65,0.1
02-04-2023,31.1,16.2,8,65,0.8
03-04-2023,31,17.3,5,62,0
04-04-2023,30.9,16.9,5,60,0
05-04-2023,31.1,17.6,0,58,0
06-04-2023,31.8,19.4,1,52,0
07-04-2023,31.8,19.8,16,53,0
08-04-2023,31.5,18.7,9,59,0
09-04-2023,31.4,16.6,1,60,0
10-04-2023,31.8,16.2,2,59,0
11-04-2023,32.1,15.5,1,58,0
12-04-2023,32.6,16.6,4,53,0
13-04-2023,33,18.4,0,52,0
14-04-2023,33,18,0,52,0
15-04-2023,33,19.4,1,55,0
16-04-2023,32.6,20.9,32,59,0
17-04-2023,32.7,18,57,58,0
18-04-2023,32.3,15.8,89,59,0
19-04-2023,32.5,16.6,79,62,1.1
20-04-2023,33.1,15.5,11,60,0.4
21-04-2023,33.4,17.3,2,58,0.1
22-04-2023,33,19.4,0,60,0
23-04-2023,32.7,20.5,4,61,0
24-04-2023,32.5,21.2,11,58,0
25-04-2023,32.5,22.3,10,59,0
26-04-2023,32.5,22,19,59,0
27-04-2023,32.8,20.2,47,57,0
28-04-2023,32.6,17.6,57,58,0
29-04-2023,32.6,17.3,84,60,0
30-04-2023,31.2,13.7,71,69,4.4
01-05-2023,32.6,16.6,61,62,0
02-05-2023,32.8,18.7,29,62,0
03-05-2023,32.8,20.2,10,61,0
04-05-2023,33.4,18,5,60,0
05-05-2023,35.3,14,21,49,0
06-05-2023,37.3,10.4,72,43,0
07-05-2023,37.8,10.1,19,36,0
08-05-2023,37.5,10.4,2,36,0
09-05-2023,37,11.9,0,40,0
10-05-2023,38,15.5,29,39,0
11-05-2023,38.5,16.9,60,38,0.1
12-05-2023,36.5,15.1,21,46,0
13-05-2023,35.8,17.3,10,46,0
14-05-2023,34.9,20.2,0,49,0
15-05-2023,34.1,20.2,7,57,0
16-05-2023,34.4,20.2,29,57,0.9
17-05-2023,34.5,16.6,58,58,0
18-05-2023,35.2,18.4,19,54,0
19-05-2023,35.5,15.8,46,53,0
20-05-2023,34.7,14.8,47,57,0.9
21-05-2023,35.8,10.1,91,51,0.1
22-05-2023,39.5,19.1,95,28,0
23-05-2023,41.2,23.8,97,17,0
24-05-2023,41,19.8,96,14,0
25-05-2023,40.8,20.2,53,18,0
26-05-2023,40.8,19.1,74,24,0
27-05-2023,40.8,16.2,18,28,0
28-05-2023,40.1,13,42,32,0
29-05-2023,40.8,13,53,26,0
30-05-2023,39.5,13,58,30,0
31-05-2023,39.3,14.4,38,26,0
01-06-2023,40.7,15.5,31,24,6.2
02-06-2023,36.3,13.7,29,50,1.7
03-06-2023,38,15.5,65,46,0
04-06-2023,38.3,15.1,81,44,0
05-06-2023,35.7,18,96,55,0.9
06-06-2023,35.5,21.2,89,54,0
07-06-2023,34.2,22.7,95,56,4.5
08-06-2023,28.6,18,78,87,9.2
09-06-2023,28.2,18,89,91,22.1
10-06-2023,29.1,16.6,77,87,10.4
11-06-2023,29.2,15.8,66,86,6.2
12-06-2023,30.7,16.6,13,71,0.4
13-06-2023,32.1,19.1,2,59,0
14-06-2023,32.7,18,0,57,0
15-06-2023,33.6,17.6,0,52,0
16-06-2023,34.2,17.6,18,53,0.5
17-06-2023,32.8,16.6,62,65,2.8
18-06-2023,33.5,20.5,98,57,0.8
19-06-2023,34,19.4,99,55,0.3
20-06-2023,32.5,20.2,98,61,0.9
21-06-2023,33,22.3,71,62,2.6
22-06-2023,33.8,19.1,69,55,0.5
23-06-2023,33.7,21.2,98,58,64.5
24-06-2023,29.1,20.9,98,85,30.2
25-06-2023,26.8,28.4,100,90,15.5
26-06-2023,27,33.5,81,83,0.6
27-06-2023,25.1,24.5,92,90,8.6
28-06-2023,27.5,16.9,38,82,0.3
29-06-2023,28.2,13.7,51,79,0
30-06-2023,29,10.1,26,80,0.4
01-07-2023,28.8,13.7,65,81,0
02-07-2023,28.9,15.8,73,81,0
03-07-2023,28.7,18.4,98,77,0
04-07-2023,28.3,18.4,99,76,0
05-07-2023,28.9,19.4,92,74,0
06-07-2023,27.8,14.4,95,83,0.6
07-07-2023,29,16.2,54,80,0
08-07-2023,29.7,19.1,39,73,0.1
09-07-2023,30.1,20.2,66,71,0
10-07-2023,29.9,19.4,81,73,0
11-07-2023,29.6,16.9,98,75,0
12-07-2023,28,11.5,95,89,18
13-07-2023,27.6,8.6,99,91,5
14-07-2023,27.8,6.5,99,92,8.2
15-07-2023,27.9,6.8,98,92,12.1
16-07-2023,27.8,7.2,98,92,9
17-07-2023,26.9,11.5,99,90,5.9
18-07-2023,27.6,10.8,91,88,8.9
19-07-2023,27.5,13.7,91,88,7.3
20-07-2023,27.4,13.7,93,89,7.2
21-07-2023,26.8,13.7,97,92,14.1
22-07-2023,25.5,13.7,99,96,32.2
23-07-2023,27,18,99,87,1
24-07-2023,27.2,16.9,99,88,5
25-07-2023,27.5,17.3,80,87,2.7
26-07-2023,27.4,16.9,91,87,10.1
27-07-2023,27.3,16.9,65,86,11.9
28-07-2023,27.7,15.1,71,85,4.1
29-07-2023,28,12.6,88,88,6.9
30-07-2023,26,10.8,99,96,18.5
31-07-2023,27.4,9,81,92,10
01-08-2023,27.7,10.1,72,90,6.6
02-08-2023,28.5,9.4,94,86,3.7
03-08-2023,28.2,7.9,97,89,7
04-08-2023,28.5,8.3,96,87,2.6
05-08-2023,28.2,7.6,99,90,7.6
06-08-2023,28.1,7.6,98,92,11.3
07-08-2023,27.4,11.5,99,93,8.4
08-08-2023,27.3,14,65,92,8.5
09-08-2023,27.5,14,89,92,4.3
10-08-2023,27.6,14,85,92,5.4
11-08-2023,28,13.3,97,86,2.1
12-08-2023,28.4,7.6,97,88,10
13-08-2023,29,12.6,91,80,0.7
14-08-2023,27.7,11.5,97,92,16.4
15-08-2023,26.4,8.3,100,95,30.9
16-08-2023,26.1,9.7,98,94,5.6
17-08-2023,27.6,9.4,86,85,1.6
18-08-2023,26.8,8.3,91,91,2.1
19-08-2023,28.4,11.5,99,84,2.1
20-08-2023,28.4,9.7,89,86,13.7
21-08-2023,27.8,6.1,98,92,25.9
22-08-2023,27.1,6.5,99,95,10
23-08-2023,28,8.6,98,90,1.2
24-08-2023,28,6.1,98,92,8.8
25-08-2023,28,4,98,93,21.3
26-08-2023,27.3,7.9,76,94,12.8
27-08-2023,26.9,6.8,83,93,7.3
28-08-2023,26.6,6.5,80,94,6.7
29-08-2023,27.2,7.9,76,93,12.6
30-08-2023,27.2,11.5,93,94,7.9
31-08-2023,27.2,10.1,97,93,4.1
01-09-2023,27.2,9,85,92,3.9
02-09-2023,27.5,9.7,99,90,2.2
03-09-2023,27.5,8.6,72,90,1.5
04-09-2023,27.7,9.4,91,89,0.3
05-09-2023,27.8,10.4,66,87,0.9
06-09-2023,28.1,9.7,73,88,1.9
07-09-2023,28.1,9,99,90,5.1
08-09-2023,27.6,9.4,90,92,7.4
09-09-2023,27.9,9.7,48,91,7.8
10-09-2023,28.1,7.2,94,91,24.9
11-09-2023,27.5,7.6,93,93,10
12-09-2023,27.2,11.5,46,91,1.9
13-09-2023,27.3,12.2,24,87,1
14-09-2023,26.7,7.9,56,90,0.2
15-09-2023,27.5,8.3,8,85,0.2
16-09-2023,27.6,7.2,15,88,1.9
17-09-2023,28,7.2,62,86,0.3
18-09-2023,27.6,7.9,88,87,0.7
19-09-2023,27,8.3,82,91,5.5
20-09-2023,27.2,10.1,27,90,1.8
21-09-2023,27.2,8.3,67,90,2.5
22-09-2023,27.1,6.5,71,89,2
23-09-2023,28,5.8,45,85,2.8
24-09-2023,27.4,5,58,91,8.7
25-09-2023,27.5,5.4,93,87,2.2
26-09-2023,27.6,7.2,10,88,2.2
27-09-2023,27.8,5.8,19,87,2.7
28-09-2023,28,4.7,59,85,1.3
29-09-2023,27.8,4.3,58,87,2.6
30-09-2023,27.7,4,55,88,4.5
01-10-2023,28,5.4,87,87,2.1
02-10-2023,28,5.4,77,87,2.2
03-10-2023,27.6,4,10,88,5.8
04-10-2023,28,5.4,7,82,0.4
05-10-2023,27.9,5.8,7,81,0
06-10-2023,27.2,9,84,90,4.5
07-10-2023,26.8,8.6,79,92,6.1
08-10-2023,27,9.4,44,90,5.3
09-10-2023,26.8,10.4,54,91,6.5
10-10-2023,26.5,10.1,67,90,2.6
11-10-2023,26.4,9,77,91,7.4
12-10-2023,26.5,11.5,13,87,3.4
13-10-2023,26.9,10.4,53,85,0.4
14-10-2023,26.3,11.2,60,84,0
15-10-2023,26.8,7.2,85,87,1
16-10-2023,26.2,11.5,98,92,3.6
17-10-2023,25.5,11.5,99,96,20.4
18-10-2023,26.1,11.2,96,94,5.2
19-10-2023,26.5,9.4,90,92,5.7
20-10-2023,26.5,11.2,94,92,3.9
21-10-2023,26.6,10.1,79,92,3.6
22-10-2023,26.9,9.4,81,91,0.2
23-10-2023,27.4,9.4,54,88,7.7
24-10-2023,27.4,10.4,55,86,0
25-10-2023,27.4,9,94,88,0.1
26-10-2023,27.5,7.6,54,90,2.3
27-10-2023,27.2,9,86,91,2.7
28-10-2023,27.1,8.6,65,92,6.1
29-10-2023,28,4.3,47,85,1.5
30-10-2023,26.5,11.5,37,78,0
31-10-2023,25.5,7.6,41,71,0
01-11-2023,26.5,8.6,98,85,0.9
02-11-2023,26.6,7.9,98,79,0.2
03-11-2023,26.8,6.8,70,75,0.1
04-11-2023,26.5,6.8,44,77,0.1
05-11-2023,26.5,10.1,92,76,0
06-11-2023,26.6,9.7,79,77,0
07-11-2023,26.6,6.8,0,64,0
08-11-2023,26,7.2,1,57,0
09-11-2023,26.1,6.8,92,54,0
10-11-2023,26.1,7.2,21,62,0
11-11-2023,26.5,6.5,16,72,0
12-11-2023,27,8.3,21,73,0
13-11-2023,26.9,9.7,10,74,0.4
14-11-2023,26.9,9.4,32,67,0
15-11-2023,26.9,10.8,57,64,0
16-11-2023,26.9,9,27,67,0
17-11-2023,27.3,7.9,6,66,0
18-11-2023,27.2,10.1,36,71,0
19-11-2023,27,13,55,70,0
20-11-2023,26.8,13.7,11,67,0
21-11-2023,26.6,13.3,3,69,0
22-11-2023,26.6,11.5,22,67,0
23-11-2023,26.9,9,45,66,0
24-11-2023,27.2,7.9,39,65,0.1
25-11-2023,27.2,8.6,26,65,0.2
26-11-2023,26.9,8.6,40,63,0.1
27-11-2023,26.1,9.7,1,60,0
28-11-2023,26,13,41,58,0
29-11-2023,25.9,10.8,1,56,0
30-11-2023,25.5,7.2,0,54,0
01-12-2023,25.9,8.3,5,58,0
02-12-2023,26.1,9.7,2,62,0
03-12-2023,26.5,10.1,6,63,0.1
04-12-2023,26.8,9.4,6,60,0
05-12-2023,26.6,11.2,10,62,0
06-12-2023,25.9,14,4,61,0
07-12-2023,26,14.8,15,64,0
08-12-2023,26.4,14.4,22,67,0.1
09-12-2023,27,13.3,27,63,0
10-12-2023,27,10.4,7,59,0
11-12-2023,26.5,11.2,0,51,0
12-12-2023,26.2,10.4,0,41,0
13-12-2023,25.9,11.5,0,39,0
14-12-2023,25.8,10.1,0,46,0
15-12-2023,25.5,9,0,55,0
16-12-2023,25.1,9.4,21,53,0
17-12-2023,24.7,9.4,48,50,0
18-12-2023,24.5,10.4,98,54,0
19-12-2023,24.5,11.5,93,54,0
20-12-2023,24.9,10.8,18,53,0
21-12-2023,25,9.7,0,49,0
22-12-2023,25.4,11.2,0,43,0
23-12-2023,25.5,10.1,0,44,0
24-12-2023,25,11.5,70,45,0
25-12-2023,24.5,11.5,69,38,0
26-12-2023,24.6,10.4,89,36,0
27-12-2023,25.5,13.3,57,40,0
28-12-2023,26.7,12.2,79,47,0
29-12-2023,25.9,9.4,82,54,0.1
30-12-2023,25.5,6.8,96,64,0
31-12-2023,25.3,9.4,53,61,0
01-01-2024,25.8,11.9,9,57,0
02-01-2024,25.2,9.4,18,51,0
03-01-2024,25.1,7.6,95,47,0
04-01-2024,25.9,8.3,37,55,0
05-01-2024,26.4,10.4,86,60,0
06-01-2024,26.7,9.7,15,61,0
07-01-2024,26.9,7.9,34,59,0
08-01-2024,27.1,6.5,36,60,0
09-01-2024,27.9,6.5,18,53,0
10-01-2024,28.1,9,2,59,0
11-01-2024,27,10.8,21,64,0
12-01-2024,26.8,9.4,2,61,0
13-01-2024,26.8,9.4,2,63,0
14-01-2024,26.8,14.8,12,63,0
15-01-2024,27.2,15.1,12,64,0
16-01-2024,26.9,12.6,3,59,0
17-01-2024,27,9.4,0,59,0
18-01-2024,27.6,9,57,60,0
19-01-2024,27.1,12.2,31,64,0.2
20-01-2024,27,14.4,21,64,0.1
21-01-2024,26.9,14.8,32,62,0
22-01-2024,26.8,14.8,6,59,0
23-01-2024,27,12.2,0,55,0
24-01-2024,27.3,10.4,27,53,0
25-01-2024,27,14.4,8,61,0
26-01-2024,27.4,14,6,65,0
27-01-2024,27.5,14,13,60,0
28-01-2024,27.8,12.6,0,55,0
29-01-2024,27.5,15.5,3,59,0
30-01-2024,27.9,14.4,10,65,0.1
31-01-2024,28.7,11.9,6,65,0.4
01-02-2024,28.7,13.3,0,67,0.5
02-02-2024,26.8,11.5,12,81,2.1
03-02-2024,27,16.6,8,74,1.3
04-02-2024,27.2,16.9,62,69,0.1
05-02-2024,27.5,18,38,67,0
06-02-2024,27.6,14.4,27,67,0
07-02-2024,28.1,11.5,14,63,0
08-02-2024,28.2,12.2,11,64,0
09-02-2024,28.3,12.6,24,67,0
10-02-2024,27.9,14,9,65,0
11-02-2024,27.5,15.5,15,63,0
12-02-2024,28.4,14.8,8,63,0
13-02-2024,29.6,12.6,8,63,0
14-02-2024,30.5,9,1,56,0
15-02-2024,30.3,5,0,49,0
16-02-2024,29.5,14.4,4,60,0.1
17-02-2024,28.8,19.4,23,69,0.8
18-02-2024,27.9,14.8,13,80,3.3
19-02-2024,29.6,13.7,1,31,0.2
20-02-2024,28.8,11.2,0,13,0
21-02-2024,29,16.2,5,45,0
22-02-2024,28,16.9,23,67,2
23-02-2024,25.5,6.5,38,86,2.6
24-02-2024,27,10.8,18,75,0.6
25-02-2024,28,12.2,10,72,1
26-02-2024,28.4,12.2,17,70,0.4
27-02-2024,29,16.6,11,64,0
28-02-2024,28.9,16.6,12,62,0
29-02-2024,28.9,15.1,1,60,0
01-03-2024,28.2,16.6,3,57,0
02-03-2024,28.8,13.7,2,60,0
03-03-2024,29.3,14.4,9,67,0.8
04-03-2024,26.7,13,43,87,4.5
05-03-2024,26.1,13.3,56,91,8.2
06-03-2024,26,16.6,93,89,3.3
07-03-2024,24.9,14.4,96,95,3
08-03-2024,26.4,5.4,93,90,6
09-03-2024,27.7,11.5,92,47,0
10-03-2024,29,11.5,72,52,0
11-03-2024,29.1,15.1,3,60,0
12-03-2024,29.8,14,3,62,0
13-03-2024,30.4,14,4,63,0
14-03-2024,30,16.9,15,64,0
15-03-2024,29.8,17.3,23,64,0
16-03-2024,29.3,18,70,58,0
17-03-2024,29.5,16.2,38,57,0
18-03-2024,29.9,16.9,41,60,0
19-03-2024,30.9,17.3,44,67,0.6
20-03-2024,28.5,11.9,11,86,7.5
21-03-2024,27.1,13.3,24,91,10.2
22-03-2024,27.3,13,46,91,10.4
23-03-2024,27.8,14.4,34,88,4.5
24-03-2024,28.4,15.1,10,87,4.5
25-03-2024,31,9.4,9,58,0.1
26-03-2024,31.2,11.9,2,62,0.4
27-03-2024,27.5,13.3,14,87,4.9
28-03-2024,29.6,18.4,25,67,0
29-03-2024,30.6,15.8,19,62,0.3
30-03-2024,30.8,14.8,33,67,0.8
31-03-2024,31,14.4,9,66,1.3
01-04-2024,31.1,20.2,5,66,0.2
02-04-2024,31.2,18,9,66,0.9
03-04-2024,31.1,11.9,2,68,1
04-04-2024,31.9,12.2,1,61,0.1
05-04-2024,31.1,15.1,8,62,0
06-04-2024,31.6,16.9,12,55,0
07-04-2024,32.3,14.4,18,42,0
08-04-2024,31.9,16.2,38,50,0
09-04-2024,31.5,15.8,36,54,0
10-04-2024,31.6,15.5,1,56,0.1
11-04-2024,31.5,15.5,0,53,0
12-04-2024,31.5,16.2,0,52,0
13-04-2024,31.6,19.8,15,57,0
14-04-2024,32,21.2,74,60,0
15-04-2024,31.8,19.1,28,63,0
16-04-2024,31.8,16.9,17,62,0
17-04-2024,31.7,15.5,2,63,0
18-04-2024,32,15.8,6,63,0.1
19-04-2024,32.3,17.6,5,62,0
20-04-2024,32,16.6,12,59,0
21-04-2024,32.4,15.8,17,58,0
22-04-2024,30.6,12.6,65,70,2.3
23-04-2024,32.8,13,74,59,0
24-04-2024,33.8,15.8,7,57,0.1
25-04-2024,34.4,16.9,34,52,0
26-04-2024,34.3,18.4,29,52,0
27-04-2024,34.8,20.5,69,56,0.1
28-04-2024,36.2,19.1,59,53,0
29-04-2024,34.3,20.9,36,62,33.4
30-04-2024,31.6,16.9,29,75,3.4
01-05-2024,32,15.5,46,71,0
02-05-2024,32.2,15.5,18,70,0.7
03-05-2024,34.4,12.6,10,57,0
04-05-2024,36.2,10.1,13,45,0
05-05-2024,37.3,10.4,19,37,0
06-05-2024,37.3,9,3,33,0
07-05-2024,37.2,9,0,27,0
08-05-2024,37,9,6,29,0
09-05-2024,35.7,15.5,37,50,0
10-05-2024,33.9,19.1,30,61,0.1
11-05-2024,31.5,15.8,36,74,5.5
12-05-2024,33.4,13.3,14,61,0
13-05-2024,34.7,11.2,44,57,0
14-05-2024,36.5,13.3,35,52,0
15-05-2024,39,13,67,36,0
16-05-2024,39.7,18.7,78,31,0
17-05-2024,38.8,11.2,56,40,0
18-05-2024,40.6,18,13,14,0
19-05-2024,40.9,17.3,58,11,0
20-05-2024,40.1,15.1,58,22,0
21-05-2024,39.5,13.7,22,31,0
22-05-2024,39.8,13.3,39,32,0
23-05-2024,39.7,11.9,42,34,0
24-05-2024,39.3,11.5,27,37,0
25-05-2024,39,11.9,1,39,0
26-05-2024,38.5,13.3,13,42,0
27-05-2024,39.3,13.3,78,38,0
28-05-2024,42.3,20.5,76,18,0
29-05-2024,41,24.1,28,29,0
30-05-2024,38.4,18,41,44,3.6
31-05-2024,34.1,15.1,80,66,10.1
01-06-2024,31,10.4,96,82,13.6
02-06-2024,31.6,28.4,98,66,0.9
03-06-2024,31,21.6,97,73,16.7
04-06-2024,29.1,14.4,99,83,9.1
05-06-2024,28.8,12.6,93,73,0
06-06-2024,30.1,14.4,93,61,0
07-06-2024,30,16.6,65,70,2.1
08-06-2024,30,11.2,83,72,3.4
09-06-2024,30.3,13,70,70,1.7
10-06-2024,30.2,14.4,93,71,5.8
11-06-2024,30.2,20.5,97,64,0.5
12-06-2024,32.5,21.6,95,56,0
13-06-2024,32.5,22.7,94,58,0.5
14-06-2024,31.9,25.2,99,54,0
15-06-2024,32.7,17.3,97,54,0.1
16-06-2024,31.4,12.6,92,70,9.1
17-06-2024,30.3,10.1,98,78,6.1
18-06-2024,30.1,8.6,91,81,9.3
19-06-2024,30,10.8,97,79,8.8
20-06-2024,30.2,9.7,96,79,2.3
21-06-2024,30.5,11.2,99,72,0.9
22-06-2024,31.7,12.6,93,62,0.2
23-06-2024,31.1,10.8,97,67,2.5
24-06-2024,30.5,14.8,99,72,6.6
25-06-2024,29.4,15.8,97,81,10.2
26-06-2024,28.4,13,99,87,13.9
27-06-2024,28.3,10.1,96,86,5.8
28-06-2024,29,10.8,97,81,5.1
29-06-2024,29,11.2,94,80,1.2
30-06-2024,29,10.4,100,79,0.4
01-07-2024,29,8.3,99,80,7.5
02-07-2024,28,5.8,98,92,15.4
03-07-2024,28.5,7.2,98,90,5.9
04-07-2024,28.8,9.4,92,90,12.5
05-07-2024,29.1,12.6,97,84,5.8
06-07-2024,28.4,10.8,98,88,10.2
07-07-2024,28.1,10.4,89,89,10.1
08-07-2024,27.5,10.8,56,91,8.6
09-07-2024,27.7,12.2,39,88,6.4
10-07-2024,27.9,13.3,73,86,10.7
11-07-2024,28,15.8,86,86,3.5
12-07-2024,27.3,17.6,96,91,21.8
13-07-2024,26.4,19.8,99,95,66
14-07-2024,25.4,20.9,99,90,33
15-07-2024,27.5,19.4,79,84,6.5
16-07-2024,28.6,11.9,77,83,14.4
17-07-2024,28.6,10.4,97,84,17.8
18-07-2024,26.2,15.8,100,91,7.2
19-07-2024,26,23,100,89,11.1
20-07-2024,27.5,17.6,99,83,0.7
21-07-2024,28.5,13.3,30,80,3.8
22-07-2024,29.1,11.5,42,81,8.8
23-07-2024,29.4,10.8,86,80,9.5
24-07-2024,29,10.8,84,81,3.2
25-07-2024,28.8,12.6,58,83,8
26-07-2024,27.5,12.6,96,89,9
27-07-2024,26.5,13.7,96,93,7.6
28-07-2024,26.5,15.5,95,95,125.1
29-07-2024,26.6,15.8,97,91,36.8
30-07-2024,26.9,13.7,92,87,0.2
31-07-2024,27.8,10.8,44,86,2.7
01-08-2024,28.4,14.4,94,83,1.2
02-08-2024,27.4,13.7,91,89,25.4
03-08-2024,26.7,6.8,79,95,19.4
04-08-2024,26.9,8.6,84,95,7.3
05-08-2024,27.4,7.6,73,91,4.8
06-08-2024,27.9,7.6,63,90,7.9
07-08-2024,27.6,13,87,91,9.7
08-08-2024,27.2,13.3,99,92,9.5
09-08-2024,27.3,10.4,87,92,16.4
10-08-2024,27.6,10.4,86,88,9.1
11-08-2024,27.2,14,98,90,10.9
12-08-2024,27.6,12.2,76,90,19.7
13-08-2024,27.5,7.9,86,91,16.1
14-08-2024,27.5,8.3,85,92,9.4
15-08-2024,27.9,11.2,65,91,10.2
16-08-2024,27.9,14.4,98,90,11.4
17-08-2024,26.7,21.2,99,88,29.3
18-08-2024,26.4,22.7,100,92,102.1
19-08-2024,26.8,21.2,99,91,5.7
20-08-2024,26.4,23.4,99,91,51.9
21-08-2024,24.9,23,90,97,64.9
22-08-2024,26.7,11.9,47,85,0
23-08-2024,28.2,8.6,76,80,1.7
24-08-2024,27.8,10.8,96,83,0.9
25-08-2024,27.5,10.1,73,85,2.6
26-08-2024,27.5,15.1,89,85,2
27-08-2024,27.5,16.9,91,85,0
28-08-2024,26.7,17.3,99,89,2.1
29-08-2024,25.2,18,100,93,33.8
30-08-2024,24.6,15.1,100,96,62.8
31-08-2024,26.1,17.3,99,88,1.2
01-09-2024,26.5,15.8,95,89,7.1
02-09-2024,28,11.9,91,82,0.5
03-09-2024,28,12.2,51,85,6.4
04-09-2024,28.4,17.3,71,83,0.2
05-09-2024,27,19.4,100,89,12.7
06-09-2024,25.7,27.4,100,94,75.7
07-09-2024,25.1,15.5,100,97,52.7
08-09-2024,24.6,15.1,91,93,61.7
09-09-2024,27.4,13.7,80,81,0
10-09-2024,27.5,15.5,80,84,3.8
11-09-2024,26.7,16.6,98,90,9.4
12-09-2024,25.5,20.5,99,93,23.1
13-09-2024,26.2,19.4,99,91,9.9
14-09-2024,27.2,18,89,85,2.1
15-09-2024,28,13.7,94,83,0.3
16-09-2024,27.9,11.5,94,88,11.4
17-09-2024,27.1,10.4,98,93,19.9
18-09-2024,26.9,9,86,94,16.3
19-09-2024,27.1,12.6,61,92,3
20-09-2024,28,7.9,18,90,6.5
21-09-2024,28.1,3.6,51,90,10
22-09-2024,28.5,4.3,52,89,8.4
23-09-2024,28.2,6.1,37,89,6.5
24-09-2024,27.6,7.6,71,92,9
25-09-2024,27.5,5,98,91,6.1
26-09-2024,27.7,5,69,92,14.2
27-09-2024,27.7,7.6,94,92,11.2
28-09-2024,27.5,7.9,98,93,7.6
29-09-2024,27.6,6.1,99,92,6.4
30-09-2024,27.2,5.4,99,93,12.5
01-10-2024,27,5.8,100,92,13.2
02-10-2024,26.9,6.1,99,94,21.5
03-10-2024,27,9.7,90,92,14.9
04-10-2024,27.1,9,99,91,12.3
05-10-2024,25.5,50,100,89,133.5
06-10-2024,26.4,32,76,91,31.5
07-10-2024,27.5,10.8,64,92,20.3
08-10-2024,27,5.8,95,92,14.6
09-10-2024,27.4,5.8,97,92,8.9
10-10-2024,27.1,4.7,86,92,8.3
11-10-2024,27.1,5,61,92,13.5
12-10-2024,27.4,5,45,90,7.4
13-10-2024,28,6.1,36,85,2.8
14-10-2024,27.1,4.7,94,90,15.7
15-10-2024,26.9,8.3,99,93,9.6
16-10-2024,26.8,10.4,64,93,8.2
17-10-2024,27,10.1,35,88,0.1
18-10-2024,27.1,9,25,89,2.8
19-10-2024,27,9.4,35,88,0.4
20-10-2024,27.2,9.7,49,86,0.2
21-10-2024,27.4,8.6,15,87,0.6
22-10-2024,27.7,7.2,14,86,0.2
23-10-2024,27.9,5.4,24,84,0.7
24-10-2024,27.2,8.6,15,84,0
25-10-2024,26.5,11.9,91,91,6.7
26-10-2024,26.5,9,89,92,2.7
27-10-2024,26.6,5.8,34,89,0.3
28-10-2024,26.7,6.1,5,88,1
29-10-2024,26.5,7.9,7,89,1.3
30-10-2024,26.7,7.9,22,88,3.4
31-10-2024,26.5,5.4,12,90,4.2
01-11-2024,26.5,7.9,15,85,1.3
02-11-2024,25.1,12.2,3,74,0
03-11-2024,25.3,8.6,12,77,0.5
04-11-2024,25.6,9.7,43,84,0.1
05-11-2024,26.4,9.7,27,82,0
06-11-2024,26.5,7.9,27,81,0.2
07-11-2024,24.9,11.9,40,79,0
08-11-2024,23.8,11.9,57,79,0
09-11-2024,23.1,13.7,64,74,0
10-11-2024,24.2,12.2,77,71,0
11-11-2024,24.5,9,81,76,0
12-11-2024,25.4,10.1,79,67,0
13-11-2024,23.2,9.4,98,77,2.1
14-11-2024,24.5,9.4,87,79,0
15-11-2024,24.6,13.7,0,71,0
16-11-2024,24.6,14.8,0,61,0
17-11-2024,24.2,8.6,0,59,0
18-11-2024,25,9.7,12,69,0
19-11-2024,24.6,12.2,28,61,0
20-11-2024,24.8,13.3,47,60,0
21-11-2024,25,12.2,65,56,0
22-11-2024,24.9,11.9,52,55,0
23-11-2024,24.5,10.1,84,57,0
24-11-2024,25,11.5,57,63,0
25-11-2024,24.5,12.2,66,62,0
26-11-2024,24.3,10.8,92,80,19.9
27-11-2024,22.6,12.2,75,93,6.7
28-11-2024,24.5,14.8,77,85,0.8
29-11-2024,24.2,12.6,25,79,0
30-11-2024,24.2,9,3,73,0
01-12-2024,23.5,9.4,45,69,0
02-12-2024,24.3,10.4,64,71,0
03-12-2024,24.5,10.1,45,79,0
04-12-2024,24.5,8.6,38,76,0
05-12-2024,24.6,8.6,8,76,0
06-12-2024,24.7,9.7,14,74,0
07-12-2024,25.1,9.7,58,72,0
08-12-2024,25,8.6,52,70,0
09-12-2024,24.6,9,45,70,0
10-12-2024,25.2,7.9,97,69,0
11-12-2024,25.5,10.1,6,70,0
12-12-2024,25.5,11.2,15,72,0.4
13-12-2024,25,8.6,6,59,0
14-12-2024,23.6,9,3,41,0
15-12-2024,23,9.4,12,38,0
16-12-2024,23.6,12.2,93,41,0
17-12-2024,24,12.6,41,52,0
18-12-2024,24.4,10.4,89,53,0
19-12-2024,25.5,11.2,52,60,0
20-12-2024,24.6,12.6,64,56,0
21-12-2024,24.2,14.8,22,56,0
22-12-2024,24.1,12.2,13,49,0
23-12-2024,24.4,10.8,48,49,0
24-12-2024,24.2,11.9,8,47,0
25-12-2024,23.8,11.9,0,39,0
26-12-2024,23.1,10.8,13,37,0
27-12-2024,23.3,11.5,7,41,0
28-12-2024,24.2,10.1,0,58,0
29-12-2024,25.3,9,3,59,0.1
30-12-2024,26,10.1,21,68,0.1
31-12-2024,25.6,11.2,29,66,0.1
01-01-2025,25.4,11.5,37,63,0
02-01-2025,25.4,9.7,9,58,0.1
03-01-2025,25,9.7,4,55,0
04-01-2025,24.2,9.4,0,48,0
05-01-2025,23.8,9.4,50,44,0
06-01-2025,23.9,10.1,73,40,0
07-01-2025,24,9,9,42,0
08-01-2025,23.9,7.9,40,45,0
09-01-2025,24.5,6.5,10,58,0
10-01-2025,24.8,9,28,64,0
11-01-2025,24.6,10.4,88,65,0
12-01-2025,24.8,10.1,80,68,0
13-01-2025,25.2,10.4,37,64,0
14-01-2025,26.2,7.2,54,56,0
15-01-2025,25.8,6.8,5,40,0
16-01-2025,25.6,6.5,10,57,0
17-01-2025,25.9,6.8,8,62,0
18-01-2025,26,5.4,5,57,0
19-01-2025,26.1,7.9,3,53,0
20-01-2025,25.5,8.6,20,66,0
21-01-2025,25.6,8.6,37,65,0
22-01-2025,25.9,9,44,63,0
23-01-2025,25.8,9.4,6,60,0
24-01-2025,25.6,8.6,19,57,0
25-01-2025,25.3,10.4,0,58,0
26-01-2025,25.3,8.6,4,61,0
27-01-2025,26,8.6,23,57,0
28-01-2025,27.4,6.1,7,51,0
29-01-2025,28,6.5,3,45,0
30-01-2025,27.9,8.6,2,41,0
31-01-2025,27.1,12.6,0,50,0
01-02-2025,27,9,0,52,0
02-02-2025,27,6.8,0,39,0
03-02-2025,26.6,10.8,7,63,0
04-02-2025,25.9,11.9,28,71,0.1
05-02-2025,25.9,14,14,65,0
06-02-2025,25.6,11.9,11,65,0
07-02-2025,25.9,13,7,65,0
08-02-2025,26,14.4,8,63,0
09-02-2025,26.6,15.8,7,63,0
10-02-2025,27.2,13.3,24,64,0
11-02-2025,27.6,10.8,34,65,0
12-02-2025,27.8,12.6,18,66,0
13-02-2025,27.6,12.2,43,68,0
14-02-2025,28.1,11.5,91,61,0
15-02-2025,29.8,10.8,27,46,0
16-02-2025,29.6,12.6,0,46,0
17-02-2025,28.7,13.7,12,60,0
18-02-2025,28.3,13.3,4,65,0.00
19-02-2025,28.8,11.9,15,65,0.00
20-02-2025,29.0,13.3,15,64,0.00
21-02-2025,28.9,16.2,14,62,0.00
22-02-2025,28.8,15.8,12,63,0.00
23-02-2025,28.2,16.2,11,66,0.00
24-02-2025,28.5,13.3,17,62,0.00
25-02-2025,29.2,12.6,22,57,0.00
26-02-2025,29.0,14.8,2,59,0.00
27-02-2025,28.5,17.3,8,62,1.80
28-02-2025,25.4,14.4,37,87,5.90
01-03-2025,26.6,8.3,8,78,2.00
02-03-2025,29.2,7.2,4,61,0.00
03-03-2025,29.1,11.5,4,65,0.50
04-03-2025,30.2,14.4,1,62,0.10
05-03-2025,30.1,17.6,9,66,0.00
06-03-2025,29.2,16.9,16,62,0.00
07-03-2025,28.4,18.4,17,61,0.00
08-03-2025,28.8,19.1,13,63,0.20
09-03-2025,28.0,12.2,15,73,2.00
10-03-2025,29.6,12.2,20,65,0.50
11-03-2025,30.0,13.0,14,61,0.70
12-03-2025,30.5,16.2,17,60,0.00
13-03-2025,30.7,15.1,15,60,0.20
14-03-2025,30.4,12.6,6,65,1.50
15-03-2025,31.3,11.5,6,58,0.20
16-03-2025,31.6,10.8,1,53,0.00